-- --------------------------------------------------------
-- Host:                         127.0.0.1
-- Versión del servidor:         8.0.30 - MySQL Community Server - GPL
-- SO del servidor:              Win64
-- HeidiSQL Versión:             12.1.0.6537
-- --------------------------------------------------------

/*!40101 SET @OLD_CHARACTER_SET_CLIENT=@@CHARACTER_SET_CLIENT */;
/*!40101 SET NAMES utf8 */;
/*!50503 SET NAMES utf8mb4 */;
/*!40103 SET @OLD_TIME_ZONE=@@TIME_ZONE */;
/*!40103 SET TIME_ZONE='+00:00' */;
/*!40014 SET @OLD_FOREIGN_KEY_CHECKS=@@FOREIGN_KEY_CHECKS, FOREIGN_KEY_CHECKS=0 */;
/*!40101 SET @OLD_SQL_MODE=@@SQL_MODE, SQL_MODE='NO_AUTO_VALUE_ON_ZERO' */;
/*!40111 SET @OLD_SQL_NOTES=@@SQL_NOTES, SQL_NOTES=0 */;


-- Volcando estructura de base de datos para test_vocacional
CREATE DATABASE IF NOT EXISTS `test_vocacional` /*!40100 DEFAULT CHARACTER SET utf8mb4 COLLATE utf8mb4_unicode_ci */ /*!80016 DEFAULT ENCRYPTION='N' */;
USE `test_vocacional`;

-- Volcando estructura para tabla test_vocacional.instituciones_educativas
CREATE TABLE IF NOT EXISTS `instituciones_educativas` (
  `id` int NOT NULL AUTO_INCREMENT,
  `nombre` varchar(255) COLLATE utf8mb4_unicode_ci NOT NULL,
  `zona` varchar(10) COLLATE utf8mb4_unicode_ci DEFAULT NULL COMMENT 'Zona educativa asignada',
  `distrito` varchar(20) COLLATE utf8mb4_unicode_ci DEFAULT NULL COMMENT 'Distrito educativo',
  `regimen` varchar(50) COLLATE utf8mb4_unicode_ci DEFAULT NULL,
  `codigo` varchar(20) COLLATE utf8mb4_unicode_ci NOT NULL,
  `tipo` enum('Fiscal','Fiscomisional','Particular') COLLATE utf8mb4_unicode_ci NOT NULL,
  `created_at` timestamp NULL DEFAULT CURRENT_TIMESTAMP,
  `updated_at` timestamp NULL DEFAULT CURRENT_TIMESTAMP ON UPDATE CURRENT_TIMESTAMP,
  PRIMARY KEY (`id`),
  UNIQUE KEY `codigo` (`codigo`),
  KEY `idx_codigo` (`codigo`),
  KEY `idx_nombre` (`nombre`),
  KEY `idx_tipo` (`tipo`),
  KEY `idx_zona` (`zona`)
) ENGINE=InnoDB AUTO_INCREMENT=1215 DEFAULT CHARSET=utf8mb4 COLLATE=utf8mb4_unicode_ci COMMENT='Instituciones educativas con soporte para zonas y distritos';

-- Volcando datos para la tabla test_vocacional.instituciones_educativas: ~499 rows (aproximadamente)
INSERT INTO `instituciones_educativas` (`id`, `nombre`, `zona`, `distrito`, `regimen`, `codigo`, `tipo`, `created_at`, `updated_at`) VALUES
	(716, 'UNIDAD EDUCATIVA FISCAL “AMABLE ARAUZ”', '9', '17D08', 'Sierra - Amazonía', '17H01705', 'Fiscal', '2025-12-12 13:22:40', '2025-12-12 13:22:40'),
	(717, 'ESCUELA DE EDUCACIÓN BÁSICA "REPÚBLICA DE ARGENTINA"', '9', '17D08', 'Sierra - Amazonía', '17H01473', 'Fiscal', '2025-12-12 13:22:40', '2025-12-12 13:22:40'),
	(718, 'ESCUELA DE EDUCACIÓN BÁSICA FISCAL DR. LUIS EGUIGUREN', '9', '17D08', 'Sierra - Amazonía', '17H01481', 'Fiscal', '2025-12-12 13:22:40', '2025-12-12 13:22:40'),
	(719, 'ESCUELA DE EDUCACIÓN BÁSICA “JOAQUINA GANGOTENA”', '9', '17D08', 'Sierra - Amazonía', '17H01729', 'Fiscal', '2025-12-12 13:22:40', '2025-12-12 13:22:40'),
	(720, 'ESCUELA DE EDUCACIÓN BÁSICA FISCAL GENERAL MARCO AURELIO SUBIA MARTINEZ', '9', '17D08', 'Sierra - Amazonía', '17H01699', 'Fiscal', '2025-12-12 13:22:40', '2025-12-12 13:22:40'),
	(721, 'ESCUELA DE EDUCACIÓN BÁSICA "BARTOLOMÉ DE LAS CASAS"', '9', '17D08', 'Sierra - Amazonía', '17H01495', 'Fiscal', '2025-12-12 13:22:40', '2025-12-12 13:22:40'),
	(722, 'UNIDAD EDUCATIVA FISCAL "ALANGASÍ"', '9', '17D08', 'Sierra - Amazonía', '17H01448', 'Fiscal', '2025-12-12 13:22:40', '2025-12-12 13:22:40'),
	(723, 'UNIDAD EDUCATIVA FISCAL "DR. RICARDO CORNEJO ROSALES"', '9', '17D07', 'Sierra - Amazonía', '17H01041', 'Fiscal', '2025-12-12 13:22:40', '2025-12-12 13:22:40'),
	(724, 'CENTRO DE EDUCACIÓN INICIAL "ADELA PINARGOTE DE MURILLO"', '9', '17D07', 'Sierra - Amazonía', '17H00447', 'Fiscal', '2025-12-12 13:22:40', '2025-12-12 13:22:40'),
	(725, 'CENTRO DE EDUCACIÓN INICIAL "PEKE GENIOS"', '9', '17D07', 'Sierra - Amazonía', '17H00442', 'Fiscal', '2025-12-12 13:22:40', '2025-12-12 13:22:40'),
	(726, 'CENTRO EDUCATIVO COMUNITARIO INTERCULTURAL BILINGÜE "SUMAK KAWSAY"', '9', '17D07', 'Sierra - Amazonía', '17B00035', 'Fiscal', '2025-12-12 13:22:40', '2025-12-12 13:22:40'),
	(727, 'CENTRO EDUCATIVO COMUNITARIO INTERCULTURAL BILINGÜE MUYU KAWSAY', '9', '17D07', 'Sierra - Amazonía', '17B00221', 'Fiscal', '2025-12-12 13:22:40', '2025-12-12 13:22:40'),
	(728, 'ESCUELA DE EDUCACIÓN BÁSICA "AURELIO BAYAS"', '9', '17D07', 'Sierra - Amazonía', '17H01239', 'Fiscal', '2025-12-12 13:22:40', '2025-12-12 13:22:40'),
	(729, 'ESCUELA DE EDUCACIÓN BÁSICA "CENEPA"', '9', '17D07', 'Sierra - Amazonía', '17H01294', 'Fiscal', '2025-12-12 13:22:40', '2025-12-12 13:22:40'),
	(730, 'ESCUELA DE EDUCACIÓN BÁSICA "ERNESTO CHE GUEVARA"', '9', '17D07', 'Sierra - Amazonía', '17H00451', 'Fiscal', '2025-12-12 13:22:40', '2025-12-12 13:22:40'),
	(731, 'ESCUELA DE EDUCACIÓN BÁSICA "RIOBAMBA"', '9', '17D07', 'Sierra - Amazonía', '17H01056', 'Fiscal', '2025-12-12 13:22:40', '2025-12-12 13:22:40'),
	(732, 'ESCUELA DE EDUCACIÓN BÁSICA “ALONSO DE ILLESCAS”', '9', '17D07', 'Sierra - Amazonía', '17H00125', 'Fiscal', '2025-12-12 13:22:40', '2025-12-12 13:22:40'),
	(733, 'ESCUELA DE EDUCACIÓN BÁSICA “BOGOTA”', '9', '17D07', 'Sierra - Amazonía', '17H00358', 'Fiscal', '2025-12-12 13:22:40', '2025-12-12 13:22:40'),
	(734, 'ESCUELA DE EDUCACION BASICA “CARLOS GUERRA BOADA”', '9', '17D07', 'Sierra - Amazonía', '17H01289', 'Fiscal', '2025-12-12 13:22:40', '2025-12-12 13:22:40'),
	(735, 'ESCUELA DE EDUCACIÓN BÁSICA “MARÍA ISABEL RUILOVA CALAHORRANO”', '9', '17D07', 'Sierra - Amazonía', '17H01283', 'Fiscal', '2025-12-12 13:22:40', '2025-12-12 13:22:40'),
	(736, 'ESCUELA DE EDUCACIÓN BÁSICA “RAFAEL CRUZ CEVALLOS”', '9', '17D07', 'Sierra - Amazonía', '17H01059', 'Fiscal', '2025-12-12 13:22:40', '2025-12-12 13:22:40'),
	(737, 'ESCUELA DE EDUCACIÓN BÁSICA FISCAL "ING JORGE ORTIZ DAVILA"', '9', '17D07', 'Sierra - Amazonía', '17H00452', 'Fiscal', '2025-12-12 13:22:40', '2025-12-12 13:22:40'),
	(738, 'ESCUELA DE EDUCACIÓN BÁSICA FISCAL "JORGE ROMERO PINTO"', '9', '17D07', 'Sierra - Amazonía', '17H00399', 'Fiscal', '2025-12-12 13:22:40', '2025-12-12 13:22:40'),
	(739, 'ESCUELA DE EDUCACIÓN BÁSICA FISCAL "LUCÍA ALBÁN DE ROMERO"', '9', '17D07', 'Sierra - Amazonía', '17H00448', 'Fiscal', '2025-12-12 13:22:40', '2025-12-12 13:22:40'),
	(740, 'ESCUELA DE EDUCACIÓN BÁSICA FISCAL "VALENCIA HERRERA"', '9', '17D07', 'Sierra - Amazonía', '17H01058', 'Fiscal', '2025-12-12 13:22:40', '2025-12-12 13:22:40'),
	(741, 'ESCUELA DE EDUCACION BASICA FISCAL CONTRALMIRANTE MANUEL NIETO CADENA', '9', '17D07', 'Sierra - Amazonía', '17H01043', 'Fiscal', '2025-12-12 13:22:40', '2025-12-12 13:22:40'),
	(742, 'SAN ANDRES', '9', '17D07', 'Sierra - Amazonía', '17H01486', 'Fiscal', '2025-12-12 13:22:40', '2025-12-12 13:22:40'),
	(743, 'CENTRO DE EDUCACIÓN INICIAL "BELLAVISTA"', '9', '17D06', 'Sierra - Amazonía', '17H01195', 'Fiscal', '2025-12-12 13:22:40', '2025-12-12 13:22:40'),
	(744, 'CENTRO DE EDUCACIÓN INICIAL "CHIKITINES"', '9', '17D06', 'Sierra - Amazonía', '17H02829', 'Fiscal', '2025-12-12 13:22:40', '2025-12-12 13:22:40'),
	(745, 'CENTRO DE EDUCACIÓN INICIAL "RAQUEL VERDESOTO DE ROMO DÁVILA"', '9', '17D06', 'Sierra - Amazonía', '17H01117', 'Fiscal', '2025-12-12 13:22:40', '2025-12-12 13:22:40'),
	(746, 'CENTRO DE EDUCACIÓN INICIAL "REPÚBLICA DE GUATEMALA"', '9', '17D06', 'Sierra - Amazonía', '17H00985', 'Fiscal', '2025-12-12 13:22:40', '2025-12-12 13:22:40'),
	(747, 'CENTRO DE EDUCACION INICIAL “CASA DE LA CULTURA ECUATORIANA”', '9', '17D06', 'Sierra - Amazonía', '17H00998', 'Fiscal', '2025-12-12 13:22:40', '2025-12-12 13:22:40'),
	(748, 'CENTRO DE EDUCACIÓN INICIAL “PATRICIO ROMERO BARBERIS”', '9', '17D06', 'Sierra - Amazonía', '17H00936', 'Fiscal', '2025-12-12 13:22:40', '2025-12-12 13:22:40'),
	(749, 'CENTRO DE EDUCACIÓN INICIAL “PRIMERO DE MAYO”', '9', '17D06', 'Sierra - Amazonía', '17H00601', 'Fiscal', '2025-12-12 13:22:40', '2025-12-12 13:22:40'),
	(750, 'ESCUELA DE EDUCACIÓN BÁSICA "ALFREDO PÉREZ GUERRERO"', '9', '17D06', 'Sierra - Amazonía', '17H01191', 'Fiscal', '2025-12-12 13:22:40', '2025-12-12 13:22:40'),
	(751, 'ESCUELA DE EDUCACIÓN BÁSICA "CIUDAD DE SAN GABRIEL"', '9', '17D06', 'Sierra - Amazonía', '17H01462', 'Fiscal', '2025-12-12 13:22:40', '2025-12-12 13:22:40'),
	(752, 'ESCUELA DE EDUCACIÓN BÁSICA "DR. CAMILO GALLEGOS TOLEDO"', '9', '17D06', 'Sierra - Amazonía', '17H00446', 'Fiscal', '2025-12-12 13:22:40', '2025-12-12 13:22:40'),
	(753, 'ESCUELA DE EDUCACIÓN BÁSICA "DR. JOSE MARIA VELASCO IBARRA"', '9', '17D06', 'Sierra - Amazonía', '17H01227', 'Fiscal', '2025-12-12 13:22:40', '2025-12-12 13:22:40'),
	(754, 'ESCUELA DE EDUCACIÓN BÁSICA "ESTADOS UNIDOS DE NORTEAMÉRICA"', '9', '17D06', 'Sierra - Amazonía', '17H00919', 'Fiscal', '2025-12-12 13:22:40', '2025-12-12 13:22:40'),
	(755, 'ESCUELA DE EDUCACIÓN BÁSICA "FRANCISCO ZURITA GUAYASAMIN"', '9', '17D06', 'Sierra - Amazonía', '17H00935', 'Fiscal', '2025-12-12 13:22:40', '2025-12-12 13:22:40'),
	(756, 'ESCUELA DE EDUCACIÓN BÁSICA "HUMBERTO MATA MARTÍNEZ"', '9', '17D06', 'Sierra - Amazonía', '17H00933', 'Fiscal', '2025-12-12 13:22:40', '2025-12-12 13:22:40'),
	(757, 'ESCUELA DE EDUCACIÓN BÁSICA "JESÚS MARÍA YÉPEZ"', '9', '17D06', 'Sierra - Amazonía', '17H00993', 'Fiscal', '2025-12-12 13:22:40', '2025-12-12 13:22:40'),
	(758, 'ESCUELA DE EDUCACIÓN BÁSICA "JOSÉ DE ANTEPARA"', '9', '17D06', 'Sierra - Amazonía', '17H00604', 'Fiscal', '2025-12-12 13:22:40', '2025-12-12 13:22:40'),
	(759, 'ESCUELA DE EDUCACIÓN BÁSICA "MARÍA ANGÉLICA IDROBO"', '9', '17D06', 'Sierra - Amazonía', '17H01253', 'Fiscal', '2025-12-12 13:22:40', '2025-12-12 13:22:40'),
	(760, 'ESCUELA DE EDUCACIÓN BÁSICA "OSWALDO GUAYASAMIN"', '9', '17D06', 'Sierra - Amazonía', '17H00595', 'Fiscal', '2025-12-12 13:22:40', '2025-12-12 13:22:40'),
	(761, 'ESCUELA DE EDUCACIÓN BÁSICA "PABLO NERUDA"', '9', '17D06', 'Sierra - Amazonía', '17H00439', 'Fiscal', '2025-12-12 13:22:40', '2025-12-12 13:22:40'),
	(762, 'ESCUELA DE EDUCACIÓN BÁSICA "PRIMERO DE MAYO"', '9', '17D06', 'Sierra - Amazonía', '17H00607', 'Fiscal', '2025-12-12 13:22:40', '2025-12-12 13:22:40'),
	(763, 'ESCUELA DE EDUCACIÓN BÁSICA "ROBERTO CRUZ"', '9', '17D06', 'Sierra - Amazonía', '17H00552', 'Fiscal', '2025-12-12 13:22:40', '2025-12-12 13:22:40'),
	(764, 'ESCUELA DE EDUCACIÓN BÁSICA "VIRGINIA LARENAS"', '9', '17D06', 'Sierra - Amazonía', '17H01127', 'Fiscal', '2025-12-12 13:22:40', '2025-12-12 13:22:40'),
	(765, 'ESCUELA DE EDUCACIÓN BÁSICA “AVELINA LASSO DE PLAZA”', '9', '17D06', 'Sierra - Amazonía', '17H00594', 'Fiscal', '2025-12-12 13:22:40', '2025-12-12 13:22:40'),
	(766, 'ESCUELA DE EDUCACIÓN BÁSICA “CONCENTRACIÓN DEPORTIVA DE PICHINCHA”', '9', '17D06', 'Sierra - Amazonía', '17H00934', 'Fiscal', '2025-12-12 13:22:40', '2025-12-12 13:22:40'),
	(767, 'ESCUELA DE EDUCACIÓN BÁSICA “FRANCISCO JAVIER SALAZAR”', '9', '17D06', 'Sierra - Amazonía', '17H01243', 'Fiscal', '2025-12-12 13:22:40', '2025-12-12 13:22:40'),
	(768, 'ESCUELA DE EDUCACIÓN BÁSICA “ING. PATRICIO ESPINOSA BERMEO”', '9', '17D06', 'Sierra - Amazonía', '17H00546', 'Fiscal', '2025-12-12 13:22:40', '2025-12-12 13:22:40'),
	(769, 'ESCUELA DE EDUCACIÓN BÁSICA “JORGE ESCUDERO MOSCOSO”', '9', '17D06', 'Sierra - Amazonía', '17H00996', 'Fiscal', '2025-12-12 13:22:40', '2025-12-12 13:22:40'),
	(770, 'ESCUELA DE EDUCACIÓN BÁSICA “JORGE MANTILLA ORTEGA”', '9', '17D06', 'Sierra - Amazonía', '17H01235', 'Fiscal', '2025-12-12 13:22:40', '2025-12-12 13:22:40'),
	(771, 'ESCUELA DE EDUCACIÓN BÁSICA “JUAN GENARO JARAMILLO”', '9', '17D06', 'Sierra - Amazonía', '17H00567', 'Fiscal', '2025-12-12 13:22:40', '2025-12-12 13:22:40'),
	(772, 'ESCUELA DE EDUCACIÓN BÁSICA “MARQUESA DE SOLANDA”', '9', '17D06', 'Sierra - Amazonía', '17H00374', 'Fiscal', '2025-12-12 13:22:40', '2025-12-12 13:22:40'),
	(773, 'ESCUELA DE EDUCACIÓN BÁSICA “OSCAR EFRÉN REYES”', '9', '17D06', 'Sierra - Amazonía', '17H01000', 'Fiscal', '2025-12-12 13:22:40', '2025-12-12 13:22:40'),
	(774, 'ESCUELA DE EDUCACIÓN BÁSICA “OTTO AROSEMENA GÓMEZ”', '9', '17D06', 'Sierra - Amazonía', '17H00988', 'Fiscal', '2025-12-12 13:22:40', '2025-12-12 13:22:40'),
	(775, 'ESCUELA DE EDUCACIÓN BÁSICA “PLINIO ROBALINO”', '9', '17D06', 'Sierra - Amazonía', '17H00938', 'Fiscal', '2025-12-12 13:22:40', '2025-12-12 13:22:40'),
	(776, 'ESCUELA DE EDUCACIÓN BÁSICA FISCAL “REPÚBLICA DE IRAK”', '9', '17D06', 'Sierra - Amazonía', '17H00605', 'Fiscal', '2025-12-12 13:22:40', '2025-12-12 13:22:40'),
	(777, 'ESCUELA DE EDUCACIÓN BÁSICA “DELIA IBARRA DE VELASCO”', '9', '17D06', 'Sierra - Amazonía', '17H01210', 'Fiscal', '2025-12-12 13:22:40', '2025-12-12 13:22:40'),
	(778, 'INSTITUCION EDUCATIVA FISCAL CORONEL OSWALDO VACA LARA', '9', '17D06', 'Sierra - Amazonía', '17H00610', 'Fiscal', '2025-12-12 13:22:40', '2025-12-12 13:22:40'),
	(779, 'MERCEDES GONZALEZ DE MOSCOSO', '9', '17D06', 'Sierra - Amazonía', '17H00394', 'Fiscal', '2025-12-12 13:22:40', '2025-12-12 13:22:40'),
	(780, 'UNIDAD EDUCATIVA "GONZALO ESCUDERO"', '9', '17D06', 'Sierra - Amazonía', '17H01219', 'Fiscal', '2025-12-12 13:22:40', '2025-12-12 13:22:40'),
	(781, 'UNIDAD EDUCATIVA “ÁNGEL POLIBIO CÓRDOVA SANTANDER”', '9', '17D06', 'Sierra - Amazonía', '17H01177', 'Fiscal', '2025-12-12 13:22:40', '2025-12-12 13:22:40'),
	(782, 'UNIDAD EDUCATIVA PICHINCHA', '9', '17D06', 'Sierra - Amazonía', '17H01836', 'Fiscal', '2025-12-12 13:22:40', '2025-12-12 13:22:40'),
	(783, 'VICENTE AURELIO CRESPO OCHOA', '9', '17D06', 'Sierra - Amazonía', '17H00414', 'Fiscal', '2025-12-12 13:22:40', '2025-12-12 13:22:40'),
	(784, 'ESCUELA DE EDUCACIÓN BÁSICA “ZAMORA CHINCHIPE”', '9', '17D09', 'Sierra - Amazonía', '17H01913', 'Fiscal', '2025-12-12 13:22:40', '2025-12-12 13:22:40'),
	(785, 'ESCUELA DE EDUCACIÓN BÁSICA "VICTOR EMILIO ESTRADA"', '9', '17D09', 'Sierra - Amazonía', '17H02134', 'Fiscal', '2025-12-12 13:22:40', '2025-12-12 13:22:40'),
	(786, 'ESCUELA DE EDUCACIÓN BÁSICA FISCOMISIONAL "SANTIAGO APÓSTOL"', '9', '17D09', 'Sierra - Amazonía', '17H02019', 'Fiscomisional', '2025-12-12 13:22:40', '2025-12-12 13:22:40'),
	(787, 'CENTRO DE EDUCACIÓN INICIAL "SAN JUAN BAUTISTA"', '9', '17D09', 'Sierra - Amazonía', '17H02972', 'Fiscal', '2025-12-12 13:22:40', '2025-12-12 13:22:40'),
	(788, 'ESCUELA DE EDUCACIÓN BÁSICA "RICARDO ORTIZ TERAN"', '9', '17D09', 'Sierra - Amazonía', '17H01775', 'Fiscal', '2025-12-12 13:22:40', '2025-12-12 13:22:40'),
	(789, 'ESCUELA DE EDUCACIÓN BÁSICA "PÍO JARAMILLO ALVARADO”', '9', '17D09', 'Sierra - Amazonía', '17H01777', 'Fiscal', '2025-12-12 13:22:40', '2025-12-12 13:22:40'),
	(790, 'ESCUELA DE EDUCACIÓN BÁSICA “LUIS PALLARES ZALDUMBIDE”', '9', '17D09', 'Sierra - Amazonía', '17H02132', 'Fiscal', '2025-12-12 13:22:40', '2025-12-12 13:22:40'),
	(791, 'ESCUELA DE EDUCACIÓN BÁSICA “JULIO MARÍA MATOVELLE”', '9', '17D09', 'Sierra - Amazonía', '17H01784', 'Fiscal', '2025-12-12 13:22:40', '2025-12-12 13:22:40'),
	(792, 'ESCUELA DE EDUCACIÓN BÁSICA "JOSÉ RAFAEL BUSTAMANTE"', '9', '17D09', 'Sierra - Amazonía', '17H02760', 'Fiscal', '2025-12-12 13:22:40', '2025-12-12 13:22:40'),
	(793, 'ESCUELA DE EDUCACIÓN BÁSICA "JOSÉ NICOLAS VACAS CORAL"', '9', '17D09', 'Sierra - Amazonía', '17H02105', 'Fiscal', '2025-12-12 13:22:40', '2025-12-12 13:22:40'),
	(794, 'ESCUELA DE EDUCACIÓN BÁSICA “JORGE ICAZA”', '9', '17D09', 'Sierra - Amazonía', '17H02083', 'Fiscal', '2025-12-12 13:22:40', '2025-12-12 13:22:40'),
	(795, 'ESCUELA DE EDUCACIÓN BÁSICA "JOAQUÍN SÁNCHEZ DE ORELLANA"', '9', '17D09', 'Sierra - Amazonía', '17H02022', 'Fiscal', '2025-12-12 13:22:40', '2025-12-12 13:22:40'),
	(796, 'JESUS ORDOÑEZ GRIJALVA', '9', '17D09', 'Sierra - Amazonía', '17H02142', 'Fiscal', '2025-12-12 13:22:40', '2025-12-12 13:22:40'),
	(797, 'ESCUELA DE EDUCACIÓN BÁSICA FISCAL "MARIANO COYAGO"', '9', '17D09', 'Sierra - Amazonía', '17H02102', 'Fiscal', '2025-12-12 13:22:40', '2025-12-12 13:22:40'),
	(798, 'ESCUELA DE EDUCACIÓN BÁSICA "MANABÍ"', '9', '17D09', 'Sierra - Amazonía', '17H01908', 'Fiscal', '2025-12-12 13:22:40', '2025-12-12 13:22:40'),
	(799, 'ESCUELA DE EDUCACIÓN BÁSICA "LUIS GODÍN"', '9', '17D09', 'Sierra - Amazonía', '17H02128', 'Fiscal', '2025-12-12 13:22:40', '2025-12-12 13:22:40'),
	(800, 'ESCUELA DE EDUCACIÓN BÁSICA "ISAAC J. BARRERA"', '9', '17D09', 'Sierra - Amazonía', '17H01912', 'Fiscal', '2025-12-12 13:22:40', '2025-12-12 13:22:40'),
	(801, 'INSTITUCIÓN EDUCATIVA CABO MINACHO', '9', '17D09', 'Sierra - Amazonía', '17H02100', 'Fiscal', '2025-12-12 13:22:40', '2025-12-12 13:22:40'),
	(802, 'ILALO', '9', '17D09', 'Sierra - Amazonía', '17B00222', 'Fiscal', '2025-12-12 13:22:40', '2025-12-12 13:22:40'),
	(803, 'ESCUELA DE EDUCACIÓN BÁSICA "GUSTAVO VALLEJO LARREA"', '9', '17D09', 'Sierra - Amazonía', '17H01753', 'Fiscal', '2025-12-12 13:22:40', '2025-12-12 13:22:40'),
	(804, 'ESCUELA DE EDUCACIÓN BÁSICA "FRAY JODOCO RICKE"', '9', '17D09', 'Sierra - Amazonía', '17H01742', 'Fiscal', '2025-12-12 13:22:40', '2025-12-12 13:22:40'),
	(805, 'ESCUELA DE EDUCACIÓN BÁSICA "ROBERTO ESPINOSA"', '9', '17D09', 'Sierra - Amazonía', '17H02101', 'Fiscal', '2025-12-12 13:22:40', '2025-12-12 13:22:40'),
	(806, 'ESCUELA DE EDUCACIÓN BÁSICA "ROSA MARÍA LÓPEZ BACA"', '9', '17D09', 'Sierra - Amazonía', '17H01764', 'Fiscal', '2025-12-12 13:22:40', '2025-12-12 13:22:40'),
	(807, 'ESCUELA DE EDUCACIÓN BÁSICA “RICARDO RODRIGUEZ”', '9', '17D09', 'Sierra - Amazonía', '17H01922', 'Fiscal', '2025-12-12 13:22:40', '2025-12-12 13:22:40'),
	(808, 'ESCUELA DE EDUCACIÓN BÁSICA PIFO', '9', '17D09', 'Sierra - Amazonía', '17H01907', 'Fiscal', '2025-12-12 13:22:40', '2025-12-12 13:22:40'),
	(809, 'ESCUELA DE EDUCACIÓN BÁSICA "MANUEL QUIROGA"', '9', '17D09', 'Sierra - Amazonía', '17H02110', 'Fiscal', '2025-12-12 13:22:40', '2025-12-12 13:22:40'),
	(810, 'ESCUELA DE EDUCACIÓN BÁSICA FISCOMISIONAL “SAN IGNACIO DE LOYOLA”', '9', '17D09', 'Sierra - Amazonía', '17H01417', 'Fiscomisional', '2025-12-12 13:22:40', '2025-12-12 13:22:40'),
	(811, 'ESCUELA DE EDUCACION BASICA CARMEN AMELIA HIDALGO', '9', '17D09', 'Sierra - Amazonía', '17H01741', 'Fiscal', '2025-12-12 13:22:40', '2025-12-12 13:22:40'),
	(812, 'UNIDAD EDUCATIVA "CARLOS AGUILAR"', '9', '17D09', 'Sierra - Amazonía', '17H01744', 'Fiscal', '2025-12-12 13:22:40', '2025-12-12 13:22:40'),
	(813, 'ESCUELA DE EDUCACIÓN BÁSICA "ANTONIO DE ULLOA"', '9', '17D09', 'Sierra - Amazonía', '17H02021', 'Fiscal', '2025-12-12 13:22:40', '2025-12-12 13:22:40'),
	(814, 'ESCUELA DE EDUCACIÓN BÁSICA "ENRIQUE PONCE GANGOTENA"', '9', '17D09', 'Sierra - Amazonía', '17H02090', 'Fiscal', '2025-12-12 13:22:40', '2025-12-12 13:22:40'),
	(815, 'EDUARDO KINGMAN', '9', '17D09', 'Sierra - Amazonía', '17H02126', 'Fiscal', '2025-12-12 13:22:40', '2025-12-12 13:22:40'),
	(816, 'CENTRO DE EDUCACIÓN INICIAL "YOLANDA MEDINA MENA"', '9', '17D09', 'Sierra - Amazonía', '17H02129', 'Fiscal', '2025-12-12 13:22:40', '2025-12-12 13:22:40'),
	(817, 'CENTRO DE EDUCACIÓN INICIAL "CLEOTILDE GUILLEN DE REZZANO"', '9', '17D09', 'Sierra - Amazonía', '17H02018', 'Fiscal', '2025-12-12 13:22:40', '2025-12-12 13:22:40'),
	(818, 'CENTRO DE EDUCACIÓN INICIAL "BUEN PASTOR"', '9', '17D09', 'Sierra - Amazonía', '17H02700', 'Fiscal', '2025-12-12 13:22:40', '2025-12-12 13:22:40'),
	(819, 'CENTRO DE EDUCACIÓN INICIAL FISCAL MIS PRIMERAS LETRAS', '9', '17D09', 'Sierra - Amazonía', '17H02831', 'Fiscal', '2025-12-12 13:22:40', '2025-12-12 13:22:40'),
	(820, 'CENTRO DE EDUCACIÓN INICIAL "LUZ ELISA BORJA"', '9', '17D09', 'Sierra - Amazonía', '17H01781', 'Fiscal', '2025-12-12 13:22:40', '2025-12-12 13:22:40'),
	(821, 'CENTRO DE EDUCACIÓN INICIAL FISCAL "AMIGOS DE NORUEGA"', '9', '17D09', 'Sierra - Amazonía', '17H02832', 'Fiscal', '2025-12-12 13:22:40', '2025-12-12 13:22:40'),
	(822, 'CENTRO DE EDUCACIÓN INICIAL "SANTA INES"', '9', '17D09', 'Sierra - Amazonía', '17H02939', 'Fiscal', '2025-12-12 13:22:40', '2025-12-12 13:22:40'),
	(823, 'CENTRO DE EDUCACIÓN INICIAL FISCAL "VIRGINIA LARENAS"', '9', '17D09', 'Sierra - Amazonía', '17H02096', 'Fiscal', '2025-12-12 13:22:40', '2025-12-12 13:22:40'),
	(824, 'CENTRO DE EDUCACIÓN INICIAL "GOTITAS DE TERNURA"', '9', '17D09', 'Sierra - Amazonía', '17H02696', 'Fiscal', '2025-12-12 13:22:40', '2025-12-12 13:22:40'),
	(825, 'ESCUELA DE EDUCACIÓN BÁSICA "CARLOS VALLEJO GUZMÁN"', '9', '17D09', 'Sierra - Amazonía', '17H01910', 'Fiscal', '2025-12-12 13:22:40', '2025-12-12 13:22:40'),
	(826, 'ESCUELA DE EDUCACIÓN BÁSICA "BELLO HORIZONTE"', '9', '17D09', 'Sierra - Amazonía', '17H01780', 'Fiscal', '2025-12-12 13:22:40', '2025-12-12 13:22:40'),
	(827, 'ESCUELA DE EDUCACIÓN BÁSICA “AZUAY”', '9', '17D09', 'Sierra - Amazonía', '17H01782', 'Fiscal', '2025-12-12 13:22:40', '2025-12-12 13:22:40'),
	(828, 'ESCUELA DE EDUCACIÓN BÁSICA “AVIACIÓN DEL EJERCITO”', '9', '17D09', 'Sierra - Amazonía', '17H01904', 'Fiscal', '2025-12-12 13:22:40', '2025-12-12 13:22:40'),
	(829, 'ESCUELA DE EDUCACIÓN BÁSICA "AURELIO CHIRIBOGA"', '9', '17D09', 'Sierra - Amazonía', '17H02097', 'Fiscal', '2025-12-12 13:22:40', '2025-12-12 13:22:40'),
	(830, 'ESCUELA DE EDUCACIÓN BÁSICA “ANTONIO GIL”', '9', '17D09', 'Sierra - Amazonía', '17H02094', 'Fiscal', '2025-12-12 13:22:40', '2025-12-12 13:22:40'),
	(831, 'ESCUELA DE EDUCACIÓN BÁSICA “27 DE FEBRERO”', '9', '17D09', 'Sierra - Amazonía', '17H01783', 'Fiscal', '2025-12-12 13:22:40', '2025-12-12 13:22:40'),
	(832, 'ESCUELA DE EDUCACIÓN BÁSICA "CLUB DE LEONES"', '9', '17D04', 'Sierra - Amazonía', '17H00992', 'Fiscal', '2025-12-12 13:22:40', '2025-12-12 13:22:40'),
	(833, 'ESCUELA DE EDUCACIÓN BÁSICA "HUMBERTO VACAS GÓMEZ"', '9', '17D04', 'Sierra - Amazonía', '17H00994', 'Fiscal', '2025-12-12 13:22:40', '2025-12-12 13:22:40'),
	(834, 'ESCUELA DE EDUCACIÓN BÁSICA “NICOLÁS JAVIER GORÍVAR”', '9', '17D04', 'Sierra - Amazonía', '17H01413', 'Fiscal', '2025-12-12 13:22:40', '2025-12-12 13:22:40'),
	(835, 'CENTRO DE EDUCACIÓN INICIAL "ARMADA NACIONAL"', '9', '17D04', 'Sierra - Amazonía', '17H00545', 'Fiscal', '2025-12-12 13:22:40', '2025-12-12 13:22:40'),
	(836, 'CENTRO DE EDUCACIÓN INICIAL "CARITAS ALEGRES"', '9', '17D04', 'Sierra - Amazonía', '17H00737', 'Fiscal', '2025-12-12 13:22:40', '2025-12-12 13:22:40'),
	(837, 'CENTRO DE EDUCACIÓN INICIAL "EDUARDO VILLAQUIRAN"', '9', '17D04', 'Sierra - Amazonía', '17H02775', 'Fiscal', '2025-12-12 13:22:40', '2025-12-12 13:22:40'),
	(838, 'CENTRO DE EDUCACIÓN INICIAL "JARDÍN DEL VALLE"', '9', '17D04', 'Sierra - Amazonía', '17H00689', 'Fiscal', '2025-12-12 13:22:40', '2025-12-12 13:22:40'),
	(839, 'CENTRO DE EDUCACIÓN INICIAL “MARÍA MONTESSORI”', '9', '17D04', 'Sierra - Amazonía', '17H00769', 'Fiscal', '2025-12-12 13:22:40', '2025-12-12 13:22:40'),
	(840, 'CENTRO DE EDUCACIÓN INICIAL"GENARO FIERRO"', '9', '17D04', 'Sierra - Amazonía', '17H00803', 'Fiscal', '2025-12-12 13:22:40', '2025-12-12 13:22:40'),
	(841, 'CENTRO EDUCATIVO COMUNITARIO INTERCULTURAL BILINGÜE DE EDUCACIÓN BÁSICA "YACHAY WASI"', '9', '17D04', 'Sierra - Amazonía', '17B00219', 'Fiscomisional', '2025-12-12 13:22:40', '2025-12-12 13:22:40'),
	(842, 'CONSERVATORIO "FREDERICK ASHTON"', '9', '17D04', 'Sierra - Amazonía', '17H02968', 'Fiscal', '2025-12-12 13:22:40', '2025-12-12 13:22:40'),
	(843, 'ESCUELA DE EDUCACIÓN BÁSICA "ÁNGEL ISAAC CHIRIBOGA"', '9', '17D04', 'Sierra - Amazonía', '17H00658', 'Fiscal', '2025-12-12 13:22:40', '2025-12-12 13:22:40'),
	(844, 'ESCUELA DE EDUCACIÓN BÁSICA "ATAHUALPA"', '9', '17D04', 'Sierra - Amazonía', '17H00674', 'Fiscal', '2025-12-12 13:22:40', '2025-12-12 13:22:40'),
	(845, 'ESCUELA DE EDUCACIÓN BÁSICA "CIUDAD DE CUENCA"', '9', '17D04', 'Sierra - Amazonía', '17H00795', 'Fiscal', '2025-12-12 13:22:40', '2025-12-12 13:22:40'),
	(846, 'ESCUELA DE EDUCACIÓN BÁSICA "ELOY ALFARO"', '9', '17D04', 'Sierra - Amazonía', '17H00671', 'Fiscal', '2025-12-12 13:22:40', '2025-12-12 13:22:40'),
	(847, 'ESCUELA DE EDUCACIÓN BÁSICA "JORGE WASHINGTON"', '9', '17D04', 'Sierra - Amazonía', '17H00787', 'Fiscal', '2025-12-12 13:22:40', '2025-12-12 13:22:40'),
	(848, 'ESCUELA DE EDUCACIÓN BÁSICA "LAS ORQUÍDEAS"', '9', '17D04', 'Sierra - Amazonía', '17H00681', 'Fiscal', '2025-12-12 13:22:40', '2025-12-12 13:22:40'),
	(849, 'ESCUELA DE EDUCACIÓN BÁSICA “ALEJANDRO CÁRDENAS”', '9', '17D04', 'Sierra - Amazonía', '17H00757', 'Fiscal', '2025-12-12 13:22:40', '2025-12-12 13:22:40'),
	(850, 'ESCUELA DE EDUCACIÓN BÁSICA “NACIONES UNIDAS”', '9', '17D04', 'Sierra - Amazonía', '17H00806', 'Fiscal', '2025-12-12 13:22:40', '2025-12-12 13:22:40'),
	(851, 'ESCUELA DE EDUCACIÓN BÁSICA “NELA MARTÍNEZ ESPINOSA”', '9', '17D04', 'Sierra - Amazonía', '17H01260', 'Fiscal', '2025-12-12 13:22:40', '2025-12-12 13:22:40'),
	(852, 'ESCUELA DE EDUCACIÓN BÁSICA FISCOMISIONAL “SAN CARLOS”', '9', '17D04', 'Sierra - Amazonía', '17H00820', 'Fiscomisional', '2025-12-12 13:22:40', '2025-12-12 13:22:40'),
	(853, 'ESCUELA DE EDUCACIÓN BÁSICA FISCOMISIONAL “SAN JOSÉ DE EL TEJAR”', '9', '17D04', 'Sierra - Amazonía', '17H00770', 'Fiscomisional', '2025-12-12 13:22:40', '2025-12-12 13:22:40'),
	(854, 'ESCUELA FISCAL "ODILO AGUILAR PAZMIÑO"', '9', '17D04', 'Sierra - Amazonía', '17H00664', 'Fiscal', '2025-12-12 13:22:40', '2025-12-12 13:22:40'),
	(855, 'ESCUELA FISCAL "REINO DE QUITO"', '9', '17D04', 'Sierra - Amazonía', '17H00814', 'Fiscal', '2025-12-12 13:22:40', '2025-12-12 13:22:40'),
	(856, 'ESCUELA FISCAL "SIMÓN BOLIVAR"', '9', '17D04', 'Sierra - Amazonía', '17H00655', 'Fiscal', '2025-12-12 13:22:40', '2025-12-12 13:22:40'),
	(857, 'ESCUELA FISCAL ROSA ZARATE', '9', '17D04', 'Sierra - Amazonía', '17H00774', 'Fiscal', '2025-12-12 13:22:40', '2025-12-12 13:22:40'),
	(858, 'UNIDAD EDUCATIVA LEONIDAS PLAZA GUTIERREZ', '9', '17D03', 'Sierra - Amazonía', '17H00177', 'Fiscal', '2025-12-12 13:22:40', '2025-12-12 13:22:40'),
	(859, 'HUGO ALEMAN FIERRO', '9', '17D03', 'Sierra - Amazonía', '17H00191', 'Fiscal', '2025-12-12 13:22:40', '2025-12-12 13:22:40'),
	(860, 'ESCUELA DE EDUCACIÓN BÁSICA FISCAL LINEA EQUINOCCIAL', '9', '17D03', 'Sierra - Amazonía', '17H01524', 'Fiscal', '2025-12-12 13:22:40', '2025-12-12 13:22:40'),
	(861, 'ESCUELA DE EDUCACIÓN BÁSICA FISCAL FERNANDO DAQUILEMA', '9', '17D03', 'Sierra - Amazonía', '17H00207', 'Fiscal', '2025-12-12 13:22:40', '2025-12-12 13:22:40'),
	(862, 'ESCUELA DE EDUCACIÓN BÁSICA NUEVE DE AGOSTO', '9', '17D03', 'Sierra - Amazonía', '17H00196', 'Fiscal', '2025-12-12 13:22:40', '2025-12-12 13:22:40'),
	(863, 'DR CARLOS CUEVA TAMARIZ', '9', '17D03', 'Sierra - Amazonía', '17H00171', 'Fiscal', '2025-12-12 13:22:40', '2025-12-12 13:22:40'),
	(864, 'GALO PLAZA LASSO', '9', '17D03', 'Sierra - Amazonía', '17H00179', 'Fiscal', '2025-12-12 13:22:40', '2025-12-12 13:22:40'),
	(865, 'UNIDAD EDUCATIVA FISCAL "LUIS G. TUFIÑO"', '9', '17D03', 'Sierra - Amazonía', '17H00204', 'Fiscal', '2025-12-12 13:22:40', '2025-12-12 13:22:40'),
	(866, 'MANUELITA SAENZ', '9', '17D03', 'Sierra - Amazonía', '17H00074', 'Fiscal', '2025-12-12 13:22:40', '2025-12-12 13:22:40'),
	(867, 'ESCUELA DE EDUCACION BASICA EUGENIO ESPEJO', '9', '17D03', 'Sierra - Amazonía', '17H00136', 'Fiscal', '2025-12-12 13:22:40', '2025-12-12 13:22:40'),
	(868, 'DR JOSE RICARDO CHIRIBOGA VILLAGOMEZ', '9', '17D03', 'Sierra - Amazonía', '17H00132', 'Fiscal', '2025-12-12 13:22:40', '2025-12-12 13:22:40'),
	(869, 'JUAN RAIMUNDO FIGUEROA', '9', '17D03', 'Sierra - Amazonía', '17H00182', 'Fiscal', '2025-12-12 13:22:40', '2025-12-12 13:22:40'),
	(870, 'UNIDAD EDUCATIVA "ESPECIALIZADA DEL NORTE"', '9', '17D03', 'Sierra - Amazonía', '17H00184', 'Fiscal', '2025-12-12 13:22:40', '2025-12-12 13:22:40'),
	(871, 'UNIDAD EDUCATIVA SIXTO DURAN BALLEN', '9', '17D03', 'Sierra - Amazonía', '17H00187', 'Fiscal', '2025-12-12 13:22:40', '2025-12-12 13:22:40'),
	(872, 'MONSEÑOR BERNARDINO ECHEVERRIA RUIZ', '9', '17D03', 'Sierra - Amazonía', '17H00130', 'Fiscal', '2025-12-12 13:22:40', '2025-12-12 13:22:40'),
	(873, 'REPUBLICA DE HONDURAS', '9', '17D03', 'Sierra - Amazonía', '17H00973', 'Fiscal', '2025-12-12 13:22:40', '2025-12-12 13:22:40'),
	(874, 'CARLOTA JARAMILLO DE ARAUJO', '9', '17D03', 'Sierra - Amazonía', '17H00960', 'Fiscal', '2025-12-12 13:22:40', '2025-12-12 13:22:40'),
	(875, 'SIMON RODRIGUEZ', '9', '17D03', 'Sierra - Amazonía', '17H01994', 'Fiscal', '2025-12-12 13:22:40', '2025-12-12 13:22:40'),
	(876, 'UNIDAD EDUCATIVA CARCELÉN', '9', '17D03', 'Sierra - Amazonía', '17H00961', 'Fiscal', '2025-12-12 13:22:40', '2025-12-12 13:22:40'),
	(877, 'FEDERICO GONZALEZ SUAREZ', '9', '17D03', 'Sierra - Amazonía', '17H00959', 'Fiscal', '2025-12-12 13:22:40', '2025-12-12 13:22:40'),
	(878, 'MARIA ANGELICA CARRILLO DE MATA MARTINEZ', '9', '17D03', 'Sierra - Amazonía', '17H00966', 'Fiscal', '2025-12-12 13:22:40', '2025-12-12 13:22:40'),
	(879, 'ERNESTO ALBAN MOSQUERA', '9', '17D03', 'Sierra - Amazonía', '17H00965', 'Fiscal', '2025-12-12 13:22:40', '2025-12-12 13:22:40'),
	(880, 'TOMAS ABEL RIVADENEIRA', '9', '17D03', 'Sierra - Amazonía', '17H01097', 'Fiscal', '2025-12-12 13:22:40', '2025-12-12 13:22:40'),
	(881, 'ESCUELA DE EDUCACIÓN BÁSICA FISCAL MARIA HELENA SALAZAR DE PEREZ', '9', '17D03', 'Sierra - Amazonía', '17H01992', 'Fiscal', '2025-12-12 13:22:40', '2025-12-12 13:22:40'),
	(882, 'EL QUITEÑO LIBRE', '9', '17D03', 'Sierra - Amazonía', '17H01996', 'Fiscal', '2025-12-12 13:22:40', '2025-12-12 13:22:40'),
	(883, 'MANUEL CORDOVA GALARZA', '9', '17D03', 'Sierra - Amazonía', '17H01984', 'Fiscal', '2025-12-12 13:22:40', '2025-12-12 13:22:40'),
	(884, 'ESCUELA DE EDUCACIÓN BÁSICA CLEMENTE VALLEJO LARREA', '9', '17D03', 'Sierra - Amazonía', '17H02038', 'Fiscal', '2025-12-12 13:22:40', '2025-12-12 13:22:40'),
	(885, 'CENTRO DE EDUCACION INICIAL FISCAL "MITAD DEL MUNDO"', '9', '17D03', 'Sierra - Amazonía', '17H03585', 'Fiscal', '2025-12-12 13:22:40', '2025-12-12 13:22:40'),
	(886, 'ESCUELA DE EDUCACIÓN BÁSICA FISCAL AURELIO AYLLON TAMAYO', '9', '17D03', 'Sierra - Amazonía', '17H02045', 'Fiscal', '2025-12-12 13:22:40', '2025-12-12 13:22:40'),
	(887, 'LA LIBERTAD', '9', '17D03', 'Sierra - Amazonía', '17H02047', 'Fiscal', '2025-12-12 13:22:40', '2025-12-12 13:22:40'),
	(888, 'ESCUELA DE EDUCACIÓN BASICA FISCAL 29 DE JUNIO', '9', '17D03', 'Sierra - Amazonía', '17H02046', 'Fiscal', '2025-12-12 13:22:40', '2025-12-12 13:22:40'),
	(889, 'CUMANA', '9', '17D03', 'Sierra - Amazonía', '17H02069', 'Fiscal', '2025-12-12 13:22:40', '2025-12-12 13:22:40'),
	(890, 'ESCUELA DE EDUCACION BASICA FISCAL "ALEJANDRO LARREA"', '9', '17D03', 'Sierra - Amazonía', '17H02058', 'Fiscal', '2025-12-12 13:22:40', '2025-12-12 13:22:40'),
	(891, 'AGUSTÍN FÉLIX', '9', '17D03', 'Sierra - Amazonía', '17H01437', 'Fiscal', '2025-12-12 13:22:40', '2025-12-12 13:22:40'),
	(892, 'ESCUELA DE EDUCACIÓN BÁSICA FISCAL LEONIDAS GARCIA', '9', '17D03', 'Sierra - Amazonía', '17H02010', 'Fiscal', '2025-12-12 13:22:40', '2025-12-12 13:22:40'),
	(893, 'QUISQUIS', '9', '17D03', 'Sierra - Amazonía', '17H02011', 'Fiscal', '2025-12-12 13:22:40', '2025-12-12 13:22:40'),
	(894, 'LUIS NAPOLEON DILLON', '9', '17D03', 'Sierra - Amazonía', '17H02004', 'Fiscal', '2025-12-12 13:22:40', '2025-12-12 13:22:40'),
	(895, 'ESCUELA DE EDUCACIÓN BÁSICA HONORATO VÁSQUEZ', '9', '17D03', 'Sierra - Amazonía', '17H01510', 'Fiscal', '2025-12-12 13:22:40', '2025-12-12 13:22:40'),
	(896, 'ESCUELA DE EDUCACIÓN BÁSICA "REPÚBLICA DE VENEZUELA"', '9', '17D05', 'Sierra - Amazonía', '17H00875', 'Fiscal', '2025-12-12 13:22:40', '2025-12-12 13:22:40'),
	(897, 'ESCUELA DE EDUCACIÓN BÁSICA “ESTADO DE ISRAEL”', '9', '17D05', 'Sierra - Amazonía', '17H02764', 'Fiscal', '2025-12-12 13:22:40', '2025-12-12 13:22:40'),
	(898, 'ESCUELA DE EDUCACIÓN BÁSICA “JUNTA NACIONAL DE LA VIVIENDA”', '9', '17D05', 'Sierra - Amazonía', '17H00067', 'Fiscal', '2025-12-12 13:22:40', '2025-12-12 13:22:40'),
	(899, 'ESCUELA DE EDUCACION BASICA GUSTAVO JARAMILLO', '9', '17D05', 'Sierra - Amazonía', '17H00028', 'Fiscal', '2025-12-12 13:22:40', '2025-12-12 13:22:40'),
	(900, 'ESCUELA DE EDUCACION BASICA SEIS DE DICIEMBRE', '9', '17D05', 'Sierra - Amazonía', '17H00851', 'Fiscal', '2025-12-12 13:22:40', '2025-12-12 13:22:40'),
	(901, 'INSTITUCION EDUCATIVA FISCAL LEONOR DE STACEY', '9', '17D05', 'Sierra - Amazonía', '17H00277', 'Fiscal', '2025-12-12 13:22:40', '2025-12-12 13:22:40'),
	(902, 'ESCUELA DE EDUCACIÓN BÁSICA FISCAL “MERCEDES NOBOA”', '9', '17D05', 'Sierra - Amazonía', '17H00266', 'Fiscal', '2025-12-12 13:22:40', '2025-12-12 13:22:40'),
	(903, 'ESCUELA DE EDUCACIÓN BÁSICA "REPÚBLICA DE ITALIA"', '9', '17D05', 'Sierra - Amazonía', '17H01359', 'Fiscal', '2025-12-12 13:22:40', '2025-12-12 13:22:40'),
	(904, 'CENTRO DE EDUCACIÓN INICIAL "BANCO ECUATORIANO DE LA VIVIENDA"', '9', '17D05', 'Sierra - Amazonía', '17H01343', 'Fiscal', '2025-12-12 13:22:40', '2025-12-12 13:22:40'),
	(905, 'CENTRO DE EDUCACIÓN INICIAL "MERCEDES VITERI LAFRONTE DE HURAS"', '9', '17D05', 'Sierra - Amazonía', '17H01365', 'Fiscal', '2025-12-12 13:22:40', '2025-12-12 13:22:40'),
	(906, 'ESCUELA DE EDUCACIÓN BÁSICA "DIARIO EL COMERCIO"', '9', '17D05', 'Sierra - Amazonía', '17H01360', 'Fiscal', '2025-12-12 13:22:40', '2025-12-12 13:22:40'),
	(907, 'ESCUELA DE EDUCACIÓN BÁSICA "UNIÓN SOVIÉTICA"', '9', '17D05', 'Sierra - Amazonía', '17H00279', 'Fiscal', '2025-12-12 13:22:40', '2025-12-12 13:22:40'),
	(908, 'ESCUELA DE EDUCACION BASICA FISCAL FERNANDO PONS', '9', '17D05', 'Sierra - Amazonía', '17H00863', 'Fiscal', '2025-12-12 13:22:40', '2025-12-12 13:22:40'),
	(909, 'ESCUELA DE EDUCACIÓN BÁSICA "MANUELA ESPEJO"', '9', '17D05', 'Sierra - Amazonía', '17H00858', 'Fiscal', '2025-12-12 13:22:40', '2025-12-12 13:22:40'),
	(910, 'CENTRO DE EDUCACIÓN INICIAL “LUCINDA TOLEDO”', '9', '17D05', 'Sierra - Amazonía', '17H00026', 'Fiscal', '2025-12-12 13:22:40', '2025-12-12 13:22:40'),
	(911, 'ESCUELA DE EDUCACIÓN BÁSICA "LUIS STACEY"', '9', '17D05', 'Sierra - Amazonía', '17H01822', 'Fiscal', '2025-12-12 13:22:40', '2025-12-12 13:22:40'),
	(912, 'ESCUELA DE EDUCACIÓN BÁSICA "PABLO JULIÁN GUTIÉRREZ"', '9', '17D05', 'Sierra - Amazonía', '17H00849', 'Fiscal', '2025-12-12 13:22:40', '2025-12-12 13:22:40'),
	(913, 'CENTRO DE EDUCACION INICIAL MANUEL MARIA SANCHEZ', '9', '17D05', 'Sierra - Amazonía', '17H00282', 'Fiscal', '2025-12-12 13:22:40', '2025-12-12 13:22:40'),
	(914, 'ESCUELA DE EDUCACION BASICA ABRAHAM LINCOLN', '9', '17D05', 'Sierra - Amazonía', '17H00280', 'Fiscal', '2025-12-12 13:22:40', '2025-12-12 13:22:40'),
	(915, 'ESCUELA DE EDUCACIÓN BÁSICA "COSTA RICA"', '9', '17D05', 'Sierra - Amazonía', '17H01917', 'Fiscal', '2025-12-12 13:22:40', '2025-12-12 13:22:40'),
	(916, 'ESCUELA DE EDUCACIÓN BÁSICA "QUINTILIANO SÁNCHEZ"', '9', '17D05', 'Sierra - Amazonía', '17H00667', 'Fiscal', '2025-12-12 13:22:40', '2025-12-12 13:22:40'),
	(917, 'ESCUELA DE EDUCACIÓN BÁSICA "JOSÉ ENRIQUE RODÓ"', '9', '17D05', 'Sierra - Amazonía', '17H01342', 'Fiscal', '2025-12-12 13:22:40', '2025-12-12 13:22:40'),
	(918, 'ESCUELA DE EDUCACIÓN BÁSICA "JUAN ISAAC LOVATO"', '9', '17D05', 'Sierra - Amazonía', '17H01364', 'Fiscal', '2025-12-12 13:22:40', '2025-12-12 13:22:40'),
	(919, 'ESCUELA DE EDUCACION BASICA "JUMANDI"', '9', '17D05', 'Sierra - Amazonía', '17H00107', 'Fiscal', '2025-12-12 13:22:40', '2025-12-12 13:22:40'),
	(920, 'ESCUELA DE EDUCACIÓN BÁSICA FISCAL GUAYAQUIL', '9', '17D05', 'Sierra - Amazonía', '17H00267', 'Fiscal', '2025-12-12 13:22:40', '2025-12-12 13:22:40'),
	(921, 'CENTRO DE EDUCACIÓN INICIAL "JOSÉ LUIS ROMÁN"', '9', '17D05', 'Sierra - Amazonía', '17H00265', 'Fiscal', '2025-12-12 13:22:40', '2025-12-12 13:22:40'),
	(922, 'ESCUELA DE EDUCACIÓN BÁSICA PROVINCIA DE PASTAZA', '9', '17D03', 'Costa - Galápagos', '10H00478', 'Fiscal', '2025-12-12 13:22:40', '2025-12-12 13:22:40'),
	(923, 'UNIDAD EDUCATIVA ESPECIALIZADA "RODRÍGUEZ HIDALGO"', '9', '17D05', 'Sierra - Amazonía', '17H00291', 'Fiscal', '2025-12-12 13:22:40', '2025-12-12 13:22:40'),
	(924, 'ESCUELA DE EDUCACIÓN BÁSICA FISCAL “MANUEL ADRIAN NAVARRO”', '9', '17D05', 'Sierra - Amazonía', '17H01080', 'Fiscal', '2025-12-12 13:22:40', '2025-12-12 13:22:40'),
	(925, 'ESCUELA DE EDUCACIÓN BÁSICA "JUAN FRANCISCO LEORO VÁSQUEZ"', '9', '17D05', 'Sierra - Amazonía', '17H01084', 'Fiscal', '2025-12-12 13:22:40', '2025-12-12 13:22:40'),
	(926, 'CENTRO DE EDUCACION INICIAL GABRIELA MISTRAL', '9', '17D05', 'Sierra - Amazonía', '17H01068', 'Fiscal', '2025-12-12 13:22:40', '2025-12-12 13:22:40'),
	(927, 'ESCUELA DE EDUCACION BASICA 12 DE OCTUBRE', '9', '17D05', 'Sierra - Amazonía', '17H01071', 'Fiscal', '2025-12-12 13:22:40', '2025-12-12 13:22:40'),
	(928, 'ESCUELA DE EDUCACION BASICA FISCAL DR  ALFONSO MORA BOWEN', '9', '17D05', 'Sierra - Amazonía', '17H01863', 'Fiscal', '2025-12-12 13:22:40', '2025-12-12 13:22:40'),
	(929, 'ESCUELA DE EDUCACIÓN BÁSICA MARÍA DUCHICELA', '9', '17D05', 'Sierra - Amazonía', '17H01866', 'Fiscal', '2025-12-12 13:22:40', '2025-12-12 13:22:40'),
	(930, 'ESCUELA DE EDUCACIÓN BÁSICA "LUIS FELIPE BORJA"', '9', '17D05', 'Sierra - Amazonía', '17H00159', 'Fiscal', '2025-12-12 13:22:40', '2025-12-12 13:22:40'),
	(931, 'ESCUELA DE EDUCACIÓN BÁSICA "JOSÉ RUBÉN TAMAYO"', '9', '17D08', 'Sierra - Amazonía', '17H01496', 'Fiscal', '2025-12-12 13:22:40', '2025-12-12 13:22:40'),
	(932, 'UNIDAD EDUCATIVA "ALEJANDRO ANDRADE COELLO"', '9', '17D08', 'Sierra - Amazonía', '17H01457', 'Fiscal', '2025-12-12 13:22:40', '2025-12-12 13:22:40'),
	(933, 'ESCUELA DE EDUCACIÓN BÁSICA FISCAL "CRISTÓBAL COLÓN"', '9', '17D08', 'Sierra - Amazonía', '17H01949', 'Fiscal', '2025-12-12 13:22:40', '2025-12-12 13:22:40'),
	(934, 'ESCUELA DE EDUCACIÓN BÁSICA FISCAL MARÍA TERESA DÁVILA DE ROSANÍA', '9', '17D02', 'Sierra - Amazonía', '17H01572', 'Fiscal', '2025-12-12 13:22:40', '2025-12-12 13:22:40'),
	(935, 'ESCUELA DE EDUCACIÓN BÁSICA FISCAL NAHIM ISAIAS BARQUET', '9', '17D02', 'Sierra - Amazonía', '17H01624', 'Fiscal', '2025-12-12 13:22:40', '2025-12-12 13:22:40'),
	(936, 'ESCUELA DE EDUCACIÓN BÁSICA FISCAL ABELARDO MONCAYO', '9', '17D02', 'Sierra - Amazonía', '17H00534', 'Fiscal', '2025-12-12 13:22:40', '2025-12-12 13:22:40'),
	(937, 'INSTITUCIÓN EDUCATIVA FISCAL DR. CARLOS JUAN FINLAY', '9', '17D02', 'Sierra - Amazonía', '17H01827', 'Fiscal', '2025-12-12 13:22:40', '2025-12-12 13:22:40'),
	(938, 'INSTITUCIÓN EDUCATIVA FISCAL 24 DE MAYO', '9', '17D02', 'Sierra - Amazonía', '17H01828', 'Fiscal', '2025-12-12 13:22:40', '2025-12-12 13:22:40'),
	(939, 'UNIDAD EDUCATIVA FISCAL COMUNIDAD DE MADRID', '9', '17D02', 'Sierra - Amazonía', '17H02770', 'Fiscal', '2025-12-12 13:22:40', '2025-12-12 13:22:40'),
	(940, 'CENTRO DE EDUCACIÓN INICIAL FISCAL VIVIANA MOLINA DE BECERRA', '9', '17D02', 'Sierra - Amazonía', '17H01636', 'Fiscal', '2025-12-12 13:22:40', '2025-12-12 13:22:40'),
	(941, 'CENTRO DE EDUCACIÓN INICIAL FISCAL ANTIOQUIA', '9', '17D02', 'Sierra - Amazonía', '17H01650', 'Fiscal', '2025-12-12 13:22:40', '2025-12-12 13:22:40'),
	(942, 'CENTRO DE EDUCACIÓN INICIAL JULIO ZABALA', '9', '17D02', 'Sierra - Amazonía', '17H01641', 'Fiscal', '2025-12-12 13:22:40', '2025-12-12 13:22:40'),
	(943, 'INSTITUCIÓN EDUCATIVA FISCAL CAPITAN EDMUNDO CHIRIBOGA', '9', '17D02', 'Sierra - Amazonía', '17H01614', 'Fiscal', '2025-12-12 13:22:40', '2025-12-12 13:22:40'),
	(944, 'ESCUELA DE EDUCACIÓN BÁSICA FISCAL NICOLAS JIMENEZ', '9', '17D02', 'Sierra - Amazonía', '17H01645', 'Fiscal', '2025-12-12 13:22:40', '2025-12-12 13:22:40'),
	(945, 'INSTITUCIÓN EDUCATIVA FISCAL JOSE MIGUEL GUARDERAS', '9', '17D02', 'Sierra - Amazonía', '17H02857', 'Fiscal', '2025-12-12 13:22:40', '2025-12-12 13:22:40'),
	(946, 'ESCUELA DE EDUCACIÓN BÁSICA FISCAL HOMERO VITERI LAFRONTE', '9', '17D02', 'Sierra - Amazonía', '17H01812', 'Fiscal', '2025-12-12 13:22:40', '2025-12-12 13:22:40'),
	(947, 'ESCUELA DE EDUCACIÓN BÁSICA FISCAL HIDEYO NOGUCHI', '9', '17D02', 'Sierra - Amazonía', '17H01807', 'Fiscal', '2025-12-12 13:22:40', '2025-12-12 13:22:40'),
	(948, 'INSTITUCIÓN EDUCATIVA FISCAL REPUBLICA DE COLOMBIA', '9', '17D02', 'Sierra - Amazonía', '17H01801', 'Fiscal', '2025-12-12 13:22:40', '2025-12-12 13:22:40'),
	(949, 'ESCUELA DE EDUCACIÓN BÁSICA FISCAL CIUDAD DE IBARRA', '9', '17D02', 'Sierra - Amazonía', '17H01803', 'Fiscal', '2025-12-12 13:22:40', '2025-12-12 13:22:40'),
	(950, 'ESCUELA DE EDUCACIÓN BÁSICA FISCAL BENIGNO MALO', '9', '17D02', 'Sierra - Amazonía', '17H01809', 'Fiscal', '2025-12-12 13:22:40', '2025-12-12 13:22:40'),
	(951, 'ESCUELA DE EDUCACIÓN BÁSICA “TEODORO WOLF"', '9', '17D08', 'Sierra - Amazonía', '17H01452', 'Fiscal', '2025-12-12 13:22:40', '2025-12-12 13:22:40'),
	(952, 'ESCUELA DE EDUCACIÓN BÁSICA FISCOMISIONAL “AFRASER – FE Y ALEGRÍA”', '9', '17D08', 'Sierra - Amazonía', '17H01821', 'Fiscomisional', '2025-12-12 13:22:40', '2025-12-12 13:22:40'),
	(953, 'CENTRO DE EDUCACIÓN INICIAL FISCAL AMAGUAÑA', '9', '17D08', 'Sierra - Amazonía', '17H01482', 'Fiscal', '2025-12-12 13:22:40', '2025-12-12 13:22:40'),
	(954, 'ESCUELA DE EDUCACIÓN BÁSICA FISCAL PATRONATO NACIONAL DEL NIÑO', '9', '17D08', 'Sierra - Amazonía', '17H01700', 'Fiscal', '2025-12-12 13:22:40', '2025-12-12 13:22:40'),
	(955, 'ESCUELA DE EDUCACIÓN BÁSICA “NICOLÁS AGUILERA”', '9', '17D08', 'Sierra - Amazonía', '17H01701', 'Fiscal', '2025-12-12 13:22:40', '2025-12-12 13:22:40'),
	(956, 'ESCUELA DE EDUCACION BASICA FISCAL RAFAEL ARMIJOS VALDIVIESO', '9', '17D08', 'Sierra - Amazonía', '17H01447', 'Fiscal', '2025-12-12 13:22:40', '2025-12-12 13:22:40'),
	(957, 'ESCUELA DE EDUCACIÓN BÁSICA "GENERAL CALICUCHIMA"', '9', '17D08', 'Sierra - Amazonía', '17H01468', 'Fiscal', '2025-12-12 13:22:40', '2025-12-12 13:22:40'),
	(958, 'CENTRO DE EDUCACIÓN INICIAL FISCAL OVIDIO DECROLY', '9', '17D08', 'Sierra - Amazonía', '17H01454', 'Fiscal', '2025-12-12 13:22:40', '2025-12-12 13:22:40'),
	(959, 'UNIDAD EDUCATIVA PEDRO JOSE ARTETA', '9', '17D08', 'Sierra - Amazonía', '17H01820', 'Fiscal', '2025-12-12 13:22:40', '2025-12-12 13:22:40'),
	(960, 'ESCUELA DE EDUCACIÓN BÁSICA "GABRIEL NOROÑA"', '9', '17D08', 'Sierra - Amazonía', '17H01937', 'Fiscal', '2025-12-12 13:22:40', '2025-12-12 13:22:40'),
	(961, 'ESCUELA DE EDUCACIÓN BÁSICA “MIGUEL ANGEL LEÓN”', '9', '17D08', 'Sierra - Amazonía', '17H01948', 'Fiscal', '2025-12-12 13:22:40', '2025-12-12 13:22:40'),
	(962, 'UNIDAD DE EDUCACIÓN ESPECIALIZADA FISCOMISIONAL ALIÑAMBI', '9', '17D08', 'Sierra - Amazonía', '17H01731', 'Fiscomisional', '2025-12-12 13:22:40', '2025-12-12 13:22:40'),
	(963, 'ESCUELA DE EDUCACIÓN BÁSICA “GENERAL NUMACURO”', '9', '17D08', 'Sierra - Amazonía', '17H01694', 'Fiscal', '2025-12-12 13:22:40', '2025-12-12 13:22:40'),
	(964, 'ESCUELA DE EDUCACIÓN BÁSICA "DRA MATILDE HIDALGO DE PROCEL"', '9', '17D08', 'Sierra - Amazonía', '17H01726', 'Fiscal', '2025-12-12 13:22:40', '2025-12-12 13:22:40'),
	(965, 'ESCUELA DE EDUCACIÓN BÁSICA FISCAL “LUCIA FRANCO DE CASTRO”', '9', '17D08', 'Sierra - Amazonía', '17H01709', 'Fiscal', '2025-12-12 13:22:40', '2025-12-12 13:22:40'),
	(966, 'INSTITUCIÓN EDUCATIVA FISCAL PCEI TARQUI', '9', '17D06', 'Sierra - Amazonía', '17H00527', 'Fiscal', '2025-12-12 13:22:40', '2025-12-12 13:22:40'),
	(967, 'UNIDAD EDUCATIVA "PADRE MENTHEN"', '9', '17D06', 'Sierra - Amazonía', '17H01839', 'Fiscal', '2025-12-12 13:22:40', '2025-12-12 13:22:40'),
	(968, 'UNIDAD EDUCATIVA ESPECIALIZADA FISCAL DE AUDICIÓN Y LENGUAJE ENRIQUETA SANTILLÁN', '9', '17D06', 'Sierra - Amazonía', '17H00398', 'Fiscal', '2025-12-12 13:22:40', '2025-12-12 13:22:40'),
	(969, 'GENERAL ARTIGAS', '9', '17D04', 'Sierra - Amazonía', '17H00794', 'Fiscal', '2025-12-12 13:22:40', '2025-12-12 13:22:40'),
	(970, 'GENERAL DANIEL O LEARY', '9', '17D04', 'Sierra - Amazonía', '17H00768', 'Fiscal', '2025-12-12 13:22:40', '2025-12-12 13:22:40'),
	(971, 'INSTITUCIÓN EDUCATIVA FISCOMISIONAL MARÍA DE NAZARET', '9', '17D04', 'Sierra - Amazonía', '17H00822', 'Fiscomisional', '2025-12-12 13:22:40', '2025-12-12 13:22:40'),
	(972, 'MERCEDES GONZALEZ', '9', '17D04', 'Sierra - Amazonía', '17H00668', 'Fiscal', '2025-12-12 13:22:40', '2025-12-12 13:22:40'),
	(973, 'RAFAEL ALVARADO RODRIGUEZ', '9', '17D04', 'Sierra - Amazonía', '17H02839', 'Fiscal', '2025-12-12 13:22:40', '2025-12-12 13:22:40'),
	(974, 'REPUBLICA DE URUGUAY', '9', '17D04', 'Sierra - Amazonía', '17H00824', 'Fiscal', '2025-12-12 13:22:40', '2025-12-12 13:22:40'),
	(975, 'ESCUELA DE EDUCACIÓN BÁSICA FISCAL PEDRO FRANCO DÁVILA', '9', '17D01', 'Costa - Galápagos', '17H01878', 'Fiscal', '2025-12-12 13:22:40', '2025-12-12 13:22:40'),
	(976, 'ESCUELA DE EDUCACIÓN BÁSICA FISCAL "RCTO. SAN FRANCISCO DE PACHIJAL"', '9', '17D01', 'Costa - Galápagos', '17H02815', 'Fiscal', '2025-12-12 13:22:40', '2025-12-12 13:22:40'),
	(977, 'ESCUELA DE EDUCACIÓN BÁSICA FISCAL RÍO MASHPI', '9', '17D01', 'Costa - Galápagos', '17H01879', 'Fiscal', '2025-12-12 13:22:40', '2025-12-12 13:22:40'),
	(978, 'ESCUELA DE EDUCACIÓN BÁSICA FISCAL "JOSÉ JULIÁN ANDRADE"', '9', '17D01', 'Costa - Galápagos', '17H01897', 'Fiscal', '2025-12-12 13:22:40', '2025-12-12 13:22:40'),
	(979, 'ESCUELA DE EDUCACIÓN BÁSICA FISCAL "MAGDALENA CABEZAS DE DURÁN"', '9', '17D01', 'Costa - Galápagos', '17H01883', 'Fiscal', '2025-12-12 13:22:40', '2025-12-12 13:22:40'),
	(980, 'ESCUELA DE EDUCACIÓN BÁSICA FISCAL "CRISTÓBAL GANGOTENA"', '9', '17D01', 'Costa - Galápagos', '17H01892', 'Fiscal', '2025-12-12 13:22:40', '2025-12-12 13:22:40'),
	(981, 'ESCUELA DE EDUCACIÓN BÁSICA FISCAL "JUAN LARREA"', '9', '17D01', 'Costa - Galápagos', '17H01884', 'Fiscal', '2025-12-12 13:22:40', '2025-12-12 13:22:40'),
	(982, 'ESCUELA DE EDUCACIÓN BÁSICA FISCAL "TRES DE NOVIEMBRE"', '9', '17D01', 'Costa - Galápagos', '17H01893', 'Fiscal', '2025-12-12 13:22:40', '2025-12-12 13:22:40'),
	(983, 'ESCUELA DE EDUCACIÓN BÁSICA "14 DE ABRIL"', '9', '17D01', 'Costa - Galápagos', '17H01888', 'Fiscal', '2025-12-12 13:22:40', '2025-12-12 13:22:40'),
	(984, 'ESCUELA DE EDUCACIÓN BÁSICA FISCAL "JORGE J. GARCÍA"', '9', '17D01', 'Costa - Galápagos', '17H01898', 'Fiscal', '2025-12-12 13:22:40', '2025-12-12 13:22:40'),
	(985, 'ESCUELA DE EDUCACIÓN BÁSICA FISCAL "RÍO ANOPE"', '9', '17D01', 'Costa - Galápagos', '17H01882', 'Fiscal', '2025-12-12 13:22:40', '2025-12-12 13:22:40'),
	(986, 'ESCUELA DE EDUCACIÓN BÁSICA FISCAL SANTA ISABEL', '9', '17D01', 'Costa - Galápagos', '17H01876', 'Fiscal', '2025-12-12 13:22:40', '2025-12-12 13:22:40'),
	(987, 'ESCUELA DE EDUCACIÓN BÁSICA FISCAL "FRANCISCO SALAZAR ALVARADO"', '9', '17D01', 'Costa - Galápagos', '17H01890', 'Fiscal', '2025-12-12 13:22:40', '2025-12-12 13:22:40'),
	(988, 'ESCUELA DE EDUCACIÓN BÁSICA FISCAL GENERAL RUMIÑAHUI', '9', '17D01', 'Costa - Galápagos', '17H01789', 'Fiscal', '2025-12-12 13:22:40', '2025-12-12 13:22:40'),
	(989, 'ESCUELA DE EDUCACIÓN BÁSICA FISCAL "LUZ DE AMÉRICA"', '9', '17D01', 'Costa - Galápagos', '17H01885', 'Fiscal', '2025-12-12 13:22:40', '2025-12-12 13:22:40'),
	(990, 'ESCUELA DE EDUCACIÓN BÁSICA ZOPOZOPANQUI', '9', '17D01', 'Costa - Galápagos', '17H01787', 'Fiscal', '2025-12-12 13:22:40', '2025-12-12 13:22:40'),
	(991, 'ESCUELA DE EDUCACIÓN BÁSICA FISCAL CUMANDÁ', '9', '17D01', 'Costa - Galápagos', '17H01793', 'Fiscal', '2025-12-12 13:22:40', '2025-12-12 13:22:40'),
	(992, 'ESCUELA DE EDUCACIÓN BÁSICA FISCAL "ALONSO MORENO BELLIDO"', '9', '17D01', 'Costa - Galápagos', '17H01855', 'Fiscal', '2025-12-12 13:22:40', '2025-12-12 13:22:40'),
	(993, 'ESCUELA DE EDUCACIÓN BÁSICA JOSÉ GABRIEL CAIZA MORALES', '9', '17D01', 'Costa - Galápagos', '17H02516', 'Fiscal', '2025-12-12 13:22:40', '2025-12-12 13:22:40'),
	(994, 'ESCUELA DE EDUCACIÓN BÁSICA FISCAL CLUB DE LEONES DE FRANKLIN', '9', '17D01', 'Costa - Galápagos', '17H01786', 'Fiscal', '2025-12-12 13:22:40', '2025-12-12 13:22:40'),
	(995, 'ESCUELA DE EDUCACIÓN BÁSICA LEONARDO RUIZ', '9', '17D01', 'Costa - Galápagos', '17H01792', 'Fiscal', '2025-12-12 13:22:40', '2025-12-12 13:22:40'),
	(996, 'ESCUELA DE EDUCACIÓN BÁSICA CÉSAR LEGUÍSAMO', '9', '17D01', 'Costa - Galápagos', '17H01788', 'Fiscal', '2025-12-12 13:22:40', '2025-12-12 13:22:40'),
	(997, 'ESCUELA DE EDUCACIÓN BÁSICA FISCAL TÚPAC YUPANQUI', '9', '17D01', 'Costa - Galápagos', '17H01850', 'Fiscal', '2025-12-12 13:22:40', '2025-12-12 13:22:40'),
	(998, 'ESCUELA DE EDUCACIÓN BÁSICA MARÍA ELENA SALAZAR DE PÉREZ', '9', '17D01', 'Costa - Galápagos', '17H01852', 'Fiscal', '2025-12-12 13:22:40', '2025-12-12 13:22:40'),
	(999, 'ESCUELA DE EDUCACIÓN BÁSICA FISCAL "REPÚBLICA DE IRLANDA"', '9', '17D01', 'Costa - Galápagos', '17H01889', 'Fiscal', '2025-12-12 13:22:40', '2025-12-12 13:22:40'),
	(1000, 'ESCUELA DE EDUCACIÓN BÁSICA FISCAL "RÍO CENEPA"', '9', '17D01', 'Costa - Galápagos', '17H01844', 'Fiscal', '2025-12-12 13:22:40', '2025-12-12 13:22:40'),
	(1001, 'ESCUELA DE EDUCACIÓN BÁSICA MANUEL MATHEUS', '9', '17D01', 'Costa - Galápagos', '17H01841', 'Fiscal', '2025-12-12 13:22:40', '2025-12-12 13:22:40'),
	(1002, 'ESCUELA DE EDUCACIÓN BÁSICA "FRANCISCO FALQUEZ AMPUERO"', '9', '17D01', 'Costa - Galápagos', '17H01845', 'Fiscal', '2025-12-12 13:22:40', '2025-12-12 13:22:40'),
	(1003, 'REPUBLICA FEDERAL DE ALEMANIA', '9', '17D04', 'Sierra - Amazonía', '17H00714', 'Fiscal', '2025-12-12 13:22:40', '2025-12-12 13:22:40'),
	(1004, 'UNIDAD EDUCATIVA  "LUCILA SANTOS DE AROSEMENA"', '9', '17D04', 'Sierra - Amazonía', '17H01698', 'Fiscal', '2025-12-12 13:22:40', '2025-12-12 13:22:40'),
	(1005, 'UNIDAD EDUCATIVA "10 DE AGOSTO"', '9', '17D04', 'Sierra - Amazonía', '17H00793', 'Fiscal', '2025-12-12 13:22:40', '2025-12-12 13:22:40'),
	(1006, 'UNIDAD EDUCATIVA “MANUELA CAÑIZARES”', '9', '17D05', 'Sierra - Amazonía', '17H00680', 'Fiscal', '2025-12-12 13:22:40', '2025-12-12 13:22:40'),
	(1007, 'JORGE GUZMAN RUEDA', '9', '17D03', 'Sierra - Amazonía', '17H00173', 'Fiscal', '2025-12-12 13:22:40', '2025-12-12 13:22:40'),
	(1008, 'PRIMICIAS DE LA CULTURA DE QUITO', '9', '17D03', 'Sierra - Amazonía', '17H01525', 'Fiscal', '2025-12-12 13:22:40', '2025-12-12 13:22:40'),
	(1009, 'ESCUELA DE EDUCACIÓN BÁSICA PAMPITE', '9', '17D03', 'Sierra - Amazonía', '17H01522', 'Fiscal', '2025-12-12 13:22:40', '2025-12-12 13:22:40'),
	(1010, 'MIGUEL DE SANTIAGO', '9', '17D03', 'Sierra - Amazonía', '17H01526', 'Fiscal', '2025-12-12 13:22:40', '2025-12-12 13:22:40'),
	(1011, 'ESCUELA DE EDUCACION BASICA ROBERTO ANDRADE', '9', '17D03', 'Sierra - Amazonía', '17H01518', 'Fiscal', '2025-12-12 13:22:40', '2025-12-12 13:22:40'),
	(1012, 'CONDORAZO', '9', '17D03', 'Sierra - Amazonía', '17H01523', 'Fiscal', '2025-12-12 13:22:40', '2025-12-12 13:22:40'),
	(1013, 'ESCUELA DE EDUCACIÓN BÁSICA FISCAL JACINTO DE EVIA', '9', '17D03', 'Sierra - Amazonía', '17H02066', 'Fiscal', '2025-12-12 13:22:40', '2025-12-12 13:22:40'),
	(1014, 'ESCUELA DE EDUCACIÓN BÁSICA TAPI', '9', '17D03', 'Sierra - Amazonía', '17H02061', 'Fiscal', '2025-12-12 13:22:40', '2025-12-12 13:22:40'),
	(1015, 'PEDRO DE PUELLES', '9', '17D03', 'Sierra - Amazonía', '17H01900', 'Fiscal', '2025-12-12 13:22:40', '2025-12-12 13:22:40'),
	(1016, 'HERNANDO DE MAGALLANES', '9', '17D03', 'Sierra - Amazonía', '17H01901', 'Fiscal', '2025-12-12 13:22:40', '2025-12-12 13:22:40'),
	(1017, 'CIUDAD DE MACARA', '9', '17D03', 'Sierra - Amazonía', '17H01509', 'Fiscal', '2025-12-12 13:22:40', '2025-12-12 13:22:40'),
	(1018, 'TUNGURAHUA', '9', '17D03', 'Sierra - Amazonía', '17H02008', 'Fiscal', '2025-12-12 13:22:40', '2025-12-12 13:22:40'),
	(1019, 'MANCO CAPAC', '9', '17D03', 'Sierra - Amazonía', '17H02003', 'Fiscal', '2025-12-12 13:22:40', '2025-12-12 13:22:40'),
	(1020, 'ESCUELA DE EDUCACIÓN BÁSICA “INÉS ALMEIDA PEÑAHERRERA”', '9', '17D05', 'Sierra - Amazonía', '17H00270', 'Fiscal', '2025-12-12 13:22:40', '2025-12-12 13:22:40'),
	(1021, 'CENTRO DE EDUCACIÓN INICIAL “JOSE MARTÍ”', '9', '17D05', 'Sierra - Amazonía', '17H00212', 'Fiscal', '2025-12-12 13:22:40', '2025-12-12 13:22:40'),
	(1022, 'CENTRO DE EDUCACIÓN INICIAL "LAURA BARAHONA UBIDIA"', '9', '17D05', 'Sierra - Amazonía', '17H01345', 'Fiscal', '2025-12-12 13:22:40', '2025-12-12 13:22:40'),
	(1023, 'CENTRO DE EDUCACIÓN INICIAL "MARIA GUILLERMINA GARCIA ORTIZ"', '9', '17D05', 'Sierra - Amazonía', '17H00269', 'Fiscal', '2025-12-12 13:22:40', '2025-12-12 13:22:40'),
	(1024, 'HERMANO MIGUEL FEBRES CORDERO', '9', '17D05', 'Sierra - Amazonía', '17H00327', 'Fiscal', '2025-12-12 13:22:40', '2025-12-12 13:22:40'),
	(1025, 'JUAN ENRIQUE PESTALOZZI', '9', '17D05', 'Sierra - Amazonía', '17H01864', 'Fiscal', '2025-12-12 13:22:40', '2025-12-12 13:22:40'),
	(1026, 'ESCUELA DE EDUCACION BASICA JOSE MARIA URBINA', '9', '17D05', 'Sierra - Amazonía', '17H01867', 'Fiscal', '2025-12-12 13:22:40', '2025-12-12 13:22:40'),
	(1027, 'UNIDAD EDUCATIVA DE FUERZAS ARMADAS LICEO NAVAL QUITO "COMANDANTE CÉSAR ENDARA PEÑAHERRERA"', '9', '17D08', 'Costa - Galápagos', '17H01704', 'Fiscomisional', '2025-12-12 13:22:40', '2025-12-12 13:22:40'),
	(1028, 'UNIDAD EDUCATIVA DE FUERZAS ARMADAS LICEO NAVAL QUITO "COMANDANTE CÉSAR ENDARA PEÑAHERRERA"', '9', '17D08', 'Sierra - Amazonía', '17H01712', 'Fiscomisional', '2025-12-12 13:22:40', '2025-12-12 13:22:40'),
	(1029, 'UNIDAD EDUCATIVA FISCOMISIONAL “SAN JERÓNIMO”', '9', '17D08', 'Sierra - Amazonía', '17H01947', 'Fiscomisional', '2025-12-12 13:22:40', '2025-12-12 13:22:40'),
	(1030, 'UNIDAD EDUCATIVA FISCAL ANTISANA', '9', '17D08', 'Sierra - Amazonía', '17H01944', 'Fiscal', '2025-12-12 13:22:40', '2025-12-12 13:22:40'),
	(1031, 'UNIDAD EDUCATIVA "BENJAMÍN CARRIÓN"', '9', '17D08', 'Sierra - Amazonía', '17H01485', 'Fiscal', '2025-12-12 13:22:40', '2025-12-12 13:22:40'),
	(1032, 'UNIDAD EDUCATIVA FISCAL CONOCOTO', '9', '17D08', 'Sierra - Amazonía', '17H01660', 'Fiscal', '2025-12-12 13:22:40', '2025-12-12 13:22:40'),
	(1033, 'UNIDAD EDUCATIVA FISCAL ABELARDO FLORES', '9', '17D08', 'Sierra - Amazonía', '17H01718', 'Fiscal', '2025-12-12 13:22:40', '2025-12-12 13:22:40'),
	(1034, 'UNIDAD EDUCATIVA FISCAL "J.M. JIJÓN CAAMAÑO Y FLORES"', '9', '17D08', 'Sierra - Amazonía', '17H01476', 'Fiscal', '2025-12-12 13:22:40', '2025-12-12 13:22:40'),
	(1035, 'DIEGO ABAD DE CEPEDA', '9', '17D03', 'Sierra - Amazonía', '17H00208', 'Fiscal', '2025-12-12 13:22:40', '2025-12-12 13:22:40'),
	(1036, 'UNIDAD EDUCATIVA "ANTONIO NARIÑO"', '9', '17D07', 'Sierra - Amazonía', '17H00444', 'Fiscal', '2025-12-12 13:22:40', '2025-12-12 13:22:40'),
	(1037, 'UNIDAD EDUCATIVA "BUENA VENTURA"', '9', '17D07', 'Sierra - Amazonía', '17H00362', 'Fiscal', '2025-12-12 13:22:40', '2025-12-12 13:22:40'),
	(1038, 'UNIDAD EDUCATIVA "CELIANO MONGE"', '9', '17D07', 'Sierra - Amazonía', '17H01053', 'Fiscal', '2025-12-12 13:22:40', '2025-12-12 13:22:40'),
	(1039, 'UNIDAD EDUCATIVA "ECONOMISTA ABDON CALDERÓN"', '9', '17D07', 'Sierra - Amazonía', '17H01373', 'Fiscal', '2025-12-12 13:22:40', '2025-12-12 13:22:40'),
	(1040, 'UNIDAD EDUCATIVA "GALO VELA ÁLVAREZ"', '9', '17D07', 'Sierra - Amazonía', '17H00413', 'Fiscal', '2025-12-12 13:22:40', '2025-12-12 13:22:40'),
	(1041, 'UNIDAD EDUCATIVA "ISABEL ROBALINO"', '9', '17D07', 'Sierra - Amazonía', '17H04529', 'Fiscal', '2025-12-12 13:22:40', '2025-12-12 13:22:40'),
	(1042, 'UNIDAD EDUCATIVA "JORGE MANTILLA ORTEGA"', '9', '17D07', 'Sierra - Amazonía', '17H01377', 'Fiscal', '2025-12-12 13:22:40', '2025-12-12 13:22:40'),
	(1043, 'UNIDAD EDUCATIVA "LUIS ENRIQUE RAZA BOLAÑOS"', '9', '17D07', 'Sierra - Amazonía', '17H01234', 'Fiscal', '2025-12-12 13:22:40', '2025-12-12 13:22:40'),
	(1044, 'UNIDAD EDUCATIVA "MEJÍA D7"', '9', '17D07', 'Sierra - Amazonía', '17H00438', 'Fiscal', '2025-12-12 13:22:40', '2025-12-12 13:22:40'),
	(1045, 'UNIDAD EDUCATIVA "NUEVA AURORA"', '9', '17D07', 'Sierra - Amazonía', '17H01291', 'Fiscal', '2025-12-12 13:22:40', '2025-12-12 13:22:40'),
	(1046, 'UNIDAD EDUCATIVA “15 DE DICIEMBRE”', '9', '17D07', 'Sierra - Amazonía', '17H01035', 'Fiscal', '2025-12-12 13:22:40', '2025-12-12 13:22:40'),
	(1047, 'UNIDAD EDUCATIVA “JULIO TOBAR DONOSO”', '9', '17D07', 'Sierra - Amazonía', '17H00445', 'Fiscal', '2025-12-12 13:22:40', '2025-12-12 13:22:40'),
	(1048, 'UNIDAD EDUCATIVA COMUNITARIA INTERCULTURAL BILINGÜE "TINKU YACHAY"', '9', '17D07', 'Sierra - Amazonía', '17B00037', 'Fiscal', '2025-12-12 13:22:40', '2025-12-12 13:22:40'),
	(1049, 'UNIDAD EDUCATIVA FISCAL "BICENTENARIO D7 VESPERTINO"', '9', '17D07', 'Sierra - Amazonía', '17H01044', 'Fiscal', '2025-12-12 13:22:40', '2025-12-12 13:22:40'),
	(1050, 'UNIDAD EDUCATIVA FISCAL "LUIS FELIPE BORJA DEL ALCÁZAR"', '9', '17D07', 'Sierra - Amazonía', '17H00384', 'Fiscal', '2025-12-12 13:22:40', '2025-12-12 13:22:40'),
	(1051, 'UNIDAD EDUCATIVA FISCAL AIDA GALLEGOS  DE MONCAYO', '9', '17D07', 'Sierra - Amazonía', '17H00561', 'Fiscal', '2025-12-12 13:22:40', '2025-12-12 13:22:40'),
	(1052, 'UNIDAD EDUCATIVA FISCAL ARTURO BORJA', '9', '17D07', 'Sierra - Amazonía', '17H00379', 'Fiscal', '2025-12-12 13:22:40', '2025-12-12 13:22:40'),
	(1053, 'UNIDAD EDUCATIVA FISCAL CAMINO DEL INCA', '9', '17D07', 'Sierra - Amazonía', '17H01055', 'Fiscal', '2025-12-12 13:22:40', '2025-12-12 13:22:40'),
	(1054, 'UNIDAD EDUCATIVA FISCAL FEDERICO GARCÍA LORCA', '9', '17D07', 'Sierra - Amazonía', '17H00449', 'Fiscal', '2025-12-12 13:22:40', '2025-12-12 13:22:40'),
	(1055, 'UNIDAD EDUCATIVA FISCAL PRIMICIAS DE LA CULTURA DE QUITO', '9', '17D07', 'Sierra - Amazonía', '17H00417', 'Fiscal', '2025-12-12 13:22:40', '2025-12-12 13:22:40'),
	(1056, 'UNIDAD EDUCATIVA MANUELA SAENZ DE AIZPURU D7', '9', '17D07', 'Sierra - Amazonía', '17H02894', 'Fiscal', '2025-12-12 13:22:40', '2025-12-12 13:22:40'),
	(1057, 'ANGEL MODESTO PAREDES', '9', '17D06', 'Sierra - Amazonía', '17H00553', 'Fiscal', '2025-12-12 13:22:40', '2025-12-12 13:22:40'),
	(1058, 'INSTITUCION EDUCATIVA FISCAL JORGE ICAZA', '9', '17D06', 'Sierra - Amazonía', '17H00386', 'Fiscal', '2025-12-12 13:22:40', '2025-12-12 13:22:40'),
	(1059, 'UNIDAD EDUCATIVA "13 DE ABRIL"', '9', '17D06', 'Sierra - Amazonía', '17H01252', 'Fiscal', '2025-12-12 13:22:40', '2025-12-12 13:22:40'),
	(1060, 'UNIDAD EDUCATIVA "24 DE MAYO"', '9', '17D06', 'Sierra - Amazonía', '17H00441', 'Fiscal', '2025-12-12 13:22:40', '2025-12-12 13:22:40'),
	(1061, 'UNIDAD EDUCATIVA "CINCO DE JUNIO"', '9', '17D06', 'Sierra - Amazonía', '17H00910', 'Fiscal', '2025-12-12 13:22:40', '2025-12-12 13:22:40'),
	(1062, 'UNIDAD EDUCATIVA "CONSEJO PROVINCIAL DE PICHINCHA"', '9', '17D06', 'Sierra - Amazonía', '17H01128', 'Fiscal', '2025-12-12 13:22:40', '2025-12-12 13:22:40'),
	(1063, 'UNIDAD EDUCATIVA "DR. EMILIO UZCATEGUI"', '9', '17D06', 'Sierra - Amazonía', '17H00483', 'Fiscal', '2025-12-12 13:22:40', '2025-12-12 13:22:40'),
	(1064, 'UNIDAD EDUCATIVA "NICOLÁS GUILLÉN"', '9', '17D06', 'Sierra - Amazonía', '17H01268', 'Fiscal', '2025-12-12 13:22:40', '2025-12-12 13:22:40'),
	(1065, 'UNIDAD EDUCATIVA "QUITO SUR"', '9', '17D06', 'Sierra - Amazonía', '17H00593', 'Fiscal', '2025-12-12 13:22:40', '2025-12-12 13:22:40'),
	(1066, 'UNIDAD EDUCATIVA "QUITO"', '9', '17D06', 'Sierra - Amazonía', '17H01188', 'Fiscal', '2025-12-12 13:22:40', '2025-12-12 13:22:40'),
	(1067, 'UNIDAD EDUCATIVA "SUCRE"', '9', '17D06', 'Sierra - Amazonía', '17H00921', 'Fiscal', '2025-12-12 13:22:40', '2025-12-12 13:22:40'),
	(1068, 'UNIDAD EDUCATIVA "VICENTE ROCAFUERTE"', '9', '17D06', 'Sierra - Amazonía', '17H01206', 'Fiscal', '2025-12-12 13:22:40', '2025-12-12 13:22:40'),
	(1069, 'UNIDAD EDUCATIVA “11 DE MARZO”', '9', '17D06', 'Sierra - Amazonía', '17H01251', 'Fiscal', '2025-12-12 13:22:40', '2025-12-12 13:22:40'),
	(1070, 'UNIDAD EDUCATIVA “AMAZONAS”', '9', '17D06', 'Sierra - Amazonía', '17H00931', 'Fiscal', '2025-12-12 13:22:40', '2025-12-12 13:22:40'),
	(1071, 'UNIDAD EDUCATIVA “ANDRÉS F. CÓRDOVA”', '9', '17D06', 'Sierra - Amazonía', '17H00559', 'Fiscal', '2025-12-12 13:22:40', '2025-12-12 13:22:40'),
	(1072, 'UNIDAD EDUCATIVA “BENITO JUÁREZ”', '9', '17D06', 'Sierra - Amazonía', '17H00570', 'Fiscal', '2025-12-12 13:22:40', '2025-12-12 13:22:40'),
	(1073, 'UNIDAD EDUCATIVA “CAPITÁN ALFONSO ARROYO AGUIRRE”', '9', '17D06', 'Sierra - Amazonía', '17H01241', 'Fiscal', '2025-12-12 13:22:40', '2025-12-12 13:22:40'),
	(1074, 'UNIDAD EDUCATIVA “GONZALO ZALDUMBIDE”', '9', '17D06', 'Sierra - Amazonía', '17H01461', 'Fiscal', '2025-12-12 13:22:40', '2025-12-12 13:22:40'),
	(1075, 'UNIDAD EDUCATIVA “JUAN PÍO MONTUFAR”', '9', '17D06', 'Sierra - Amazonía', '17H01225', 'Fiscal', '2025-12-12 13:22:40', '2025-12-12 13:22:40'),
	(1076, 'UNIDAD EDUCATIVA “MIGUEL DE SANTIAGO”', '9', '17D06', 'Sierra - Amazonía', '17H01472', 'Fiscal', '2025-12-12 13:22:40', '2025-12-12 13:22:40'),
	(1077, 'UNIDAD EDUCATIVA “SEIS DE DICIEMBRE”', '9', '17D06', 'Sierra - Amazonía', '17H01222', 'Fiscal', '2025-12-12 13:22:40', '2025-12-12 13:22:40'),
	(1078, 'UNIDAD EDUCATIVA DE EDUCACIÓN ESPECIALIZADA FISCAL “DR. ROBERTO DÍAZ RODRÍGUEZ”', '9', '17D06', 'Sierra - Amazonía', '17H01207', 'Fiscal', '2025-12-12 13:22:40', '2025-12-12 13:22:40'),
	(1079, 'UNIDAD EDUCATIVA ESPECIALIZADA DR. RODRIGO CRESPO TORAL', '9', '17D06', 'Sierra - Amazonía', '17H00353', 'Fiscal', '2025-12-12 13:22:40', '2025-12-12 13:22:40'),
	(1080, 'UNIDAD EDUCATIVA FISCAL "FORESTAL"', '9', '17D06', 'Sierra - Amazonía', '17H01193', 'Fiscal', '2025-12-12 13:22:40', '2025-12-12 13:22:40'),
	(1081, 'UNIDAD EDUCATIVA FISCAL "JOSÉ DE LA CUADRA"', '9', '17D06', 'Sierra - Amazonía', '17H00624', 'Fiscal', '2025-12-12 13:22:40', '2025-12-12 13:22:40'),
	(1082, 'UNIDAD EDUCATIVA FISCAL TARQUI', '9', '17D06', 'Sierra - Amazonía', '17H01254', 'Fiscal', '2025-12-12 13:22:40', '2025-12-12 13:22:40'),
	(1083, 'UNIDAD EDUCATIVA “TUMBACO”', '9', '17D09', 'Sierra - Amazonía', '17H02108', 'Fiscal', '2025-12-12 13:22:40', '2025-12-12 13:22:40'),
	(1084, 'UNIDAD EDUCATIVA “TRES DE DICIEMBRE”', '9', '17D09', 'Sierra - Amazonía', '17H01758', 'Fiscal', '2025-12-12 13:22:40', '2025-12-12 13:22:40'),
	(1085, 'UNIDAD EDUCATIVA FISCOMISIONAL "SANTA CATALINA LABOURÉ"', '9', '17D09', 'Sierra - Amazonía', '17H02144', 'Fiscomisional', '2025-12-12 13:22:40', '2025-12-12 13:22:40'),
	(1086, 'UNIDAD EDUCATIVA FISCAL "PEDRO BOUGUER"', '9', '17D09', 'Sierra - Amazonía', '17H02133', 'Fiscal', '2025-12-12 13:22:40', '2025-12-12 13:22:40'),
	(1087, 'UNIDAD EDUCATIVA FISCOMISIONAL "SAN IGNACIO DE LOYOLA"', '9', '17D09', 'Sierra - Amazonía', '17H01761', 'Fiscomisional', '2025-12-12 13:22:40', '2025-12-12 13:22:40'),
	(1088, 'UNIDAD EDUCATIVA COMUNITARIA INTERCULTURAL BILINGÜE AYNI PACHA', '9', '17D09', 'Sierra - Amazonía', '17B00027', 'Fiscomisional', '2025-12-12 13:22:40', '2025-12-12 13:22:40'),
	(1089, 'UNIDAD EDUCATIVA FISCAL "24 DE JULIO"', '9', '17D09', 'Sierra - Amazonía', '17H02107', 'Fiscal', '2025-12-12 13:22:40', '2025-12-12 13:22:40'),
	(1090, 'UNIDAD EDUCATIVA FISCAL VÍCTOR MANUEL PEÑAHERRERA', '9', '17D09', 'Sierra - Amazonía', '17H02109', 'Fiscal', '2025-12-12 13:22:40', '2025-12-12 13:22:40'),
	(1091, 'UNIDAD EDUCATIVA "PROFESOR PEDRO ECHEVERRIA TERÁN"', '9', '17D09', 'Sierra - Amazonía', '17H01752', 'Fiscal', '2025-12-12 13:22:40', '2025-12-12 13:22:40'),
	(1092, 'UNIDAD EDUCATIVA “LEONARDO MALDONADO PÉREZ”', '9', '17D09', 'Sierra - Amazonía', '17H02015', 'Fiscal', '2025-12-12 13:22:40', '2025-12-12 13:22:40'),
	(1093, 'UNIDAD EDUCATIVA FISCAL "EDUARDO SALAZAR GÓMEZ"', '9', '17D09', 'Sierra - Amazonía', '17H01903', 'Fiscal', '2025-12-12 13:22:40', '2025-12-12 13:22:40'),
	(1094, 'INSTITUCIÓN EDUCATIVA FISCAL “CUMBAYÁ”', '9', '17D09', 'Sierra - Amazonía', '17H01740', 'Fiscal', '2025-12-12 13:22:40', '2025-12-12 13:22:40'),
	(1095, 'INSTITUCIÓN EDUCATIVA CARDENAL CARLOS MARÍA DE LA TORRE', '9', '17D09', 'Sierra - Amazonía', '17H01776', 'Fiscal', '2025-12-12 13:22:40', '2025-12-12 13:22:40'),
	(1096, 'UNIDAD EDUCATIVA FISCAL "DR. ARTURO FREIRE"', '9', '17D09', 'Sierra - Amazonía', '17H02079', 'Fiscal', '2025-12-12 13:22:40', '2025-12-12 13:22:40'),
	(1097, 'UNIDAD EDUCATIVA "YARUQUÍ"', '9', '17D09', 'Sierra - Amazonía', '17H02143', 'Fiscal', '2025-12-12 13:22:40', '2025-12-12 13:22:40'),
	(1098, 'UNIDAD EDUCATIVA "DR. MIGUEL ÁNGEL ZAMBRANO"', '9', '17D04', 'Sierra - Amazonía', '17H00976', 'Fiscal', '2025-12-12 13:22:40', '2025-12-12 13:22:40'),
	(1099, 'UNIDAD EDUCATIVA “GABRIELA MISTRAL”', '9', '17D04', 'Sierra - Amazonía', '17H00812', 'Fiscal', '2025-12-12 13:22:40', '2025-12-12 13:22:40'),
	(1100, 'UNIDAD EDUCATIVA COMUNITARIA INTERCULTURAL BILINGÜE “AMAWTA RIKCHARI”', '9', '17D04', 'Sierra - Amazonía', '17B00058', 'Fiscal', '2025-12-12 13:22:40', '2025-12-12 13:22:40'),
	(1101, 'UNIDAD EDUCATIVA FEDERICO GONZALEZ SUAREZ', '9', '17D04', 'Sierra - Amazonía', '17H00823', 'Fiscal', '2025-12-12 13:22:40', '2025-12-12 13:22:40'),
	(1102, 'CARLOS RIVADENEIRA', '9', '17D03', 'Costa - Galápagos', '17H02071', 'Fiscal', '2025-12-12 13:22:40', '2025-12-12 13:22:40'),
	(1103, 'UNIDAD EDUCATIVA FISCAL "DANIEL ENRIQUE PROAÑO"', '9', '17D04', 'Sierra - Amazonía', '17H00597', 'Fiscal', '2025-12-12 13:22:40', '2025-12-12 13:22:40'),
	(1104, 'UNIDAD EDUCATIVA FISCAL "DARIO GUEVARA MAYORGA"', '9', '17D04', 'Sierra - Amazonía', '17H00771', 'Fiscal', '2025-12-12 13:22:40', '2025-12-12 13:22:40'),
	(1105, 'UNIDAD EDUCATIVA FISCAL "DIEZ  DE AGOSTO"', '9', '17D04', 'Sierra - Amazonía', '17H00799', 'Fiscal', '2025-12-12 13:22:40', '2025-12-12 13:22:40'),
	(1106, 'UNIDAD EDUCATIVA FISCAL "EUGENIO ESPEJO"', '9', '17D04', 'Sierra - Amazonía', '17H00890', 'Fiscal', '2025-12-12 13:22:40', '2025-12-12 13:22:40'),
	(1107, 'UNIDAD EDUCATIVA FISCAL "MANUEL CÓRDOVA GALARZA"', '9', '17D04', 'Sierra - Amazonía', '17H00647', 'Fiscal', '2025-12-12 13:22:40', '2025-12-12 13:22:40'),
	(1108, 'UNIDAD EDUCATIVA FISCAL "MEJIA"', '9', '17D04', 'Sierra - Amazonía', '17H00864', 'Fiscal', '2025-12-12 13:22:40', '2025-12-12 13:22:40'),
	(1109, 'UNIDAD EDUCATIVA FISCAL "PICHINCHA"', '9', '17D04', 'Sierra - Amazonía', '17H00805', 'Fiscal', '2025-12-12 13:22:40', '2025-12-12 13:22:40'),
	(1110, 'UNIDAD EDUCATIVA FISCAL "RAFAEL LARREA ANDRADE"', '9', '17D04', 'Sierra - Amazonía', '17H00826', 'Fiscal', '2025-12-12 13:22:40', '2025-12-12 13:22:40'),
	(1111, 'UNIDAD EDUCATIVA FISCAL "SANTIAGO DE GUAYAQUIL"', '9', '17D04', 'Sierra - Amazonía', '17H00662', 'Fiscal', '2025-12-12 13:22:40', '2025-12-12 13:22:40'),
	(1112, 'UNIDAD EDUCATIVA FISCAL "SIMON BOLIVAR"', '9', '17D04', 'Sierra - Amazonía', '17H00791', 'Fiscal', '2025-12-12 13:22:40', '2025-12-12 13:22:40'),
	(1113, 'UNIDAD EDUCATIVA FISCAL PCEI GENERAL RUMIÑAHUI', '9', '17D04', 'Sierra - Amazonía', '17H00755', 'Fiscal', '2025-12-12 13:22:40', '2025-12-12 13:22:40'),
	(1114, 'UNIDAD EDUCATIVA FISCOMISIONAL "DON BOSCO"', '9', '17D04', 'Sierra - Amazonía', '17H00705', 'Fiscomisional', '2025-12-12 13:22:40', '2025-12-12 13:22:40'),
	(1115, 'UNIDAD EDUCATIVA FISCOMISIONAL “VIRGEN DEL CONSUELO”', '9', '17D04', 'Sierra - Amazonía', '17H00423', 'Fiscomisional', '2025-12-12 13:22:40', '2025-12-12 13:22:40'),
	(1116, 'UNIDAD EDUCATIVA FISCOMISIONAL PCEI DE PICHINCHA', '9', '17D04', 'Sierra - Amazonía', '17H02810', 'Fiscomisional', '2025-12-12 13:22:40', '2025-12-12 13:22:40'),
	(1117, 'UNIDAD EDUCATIVA RÍO PACHIJAL', '9', '17D01', 'Costa - Galápagos', '17H01880', 'Fiscal', '2025-12-12 13:22:40', '2025-12-12 13:22:40'),
	(1118, 'UNIDAD EDUCATIVA 24 DE JULIO', '9', '17D01', 'Costa - Galápagos', '17H01877', 'Fiscal', '2025-12-12 13:22:40', '2025-12-12 13:22:40'),
	(1119, 'UNIDAD EDUCATIVA FISCAL ALFREDO PÉREZ CHIRIBOGA', '9', '17D01', 'Costa - Galápagos', '17H01790', 'Fiscal', '2025-12-12 13:22:40', '2025-12-12 13:22:40'),
	(1120, 'UNIDAD EDUCATIVA FISCAL SAN FRANCISCO DE QUITO', '9', '17D01', 'Costa - Galápagos', '17H01851', 'Fiscal', '2025-12-12 13:22:40', '2025-12-12 13:22:40'),
	(1121, 'UNIDAD EDUCATIVA NANEGAL', '9', '17D01', 'Costa - Galápagos', '17H01843', 'Fiscal', '2025-12-12 13:22:40', '2025-12-12 13:22:40'),
	(1122, 'UNIDAD EDUCATIVA FISCAL TENIENTE HUGO ORTÍZ', '9', '17D01', 'Costa - Galápagos', '17H01848', 'Fiscal', '2025-12-12 13:22:40', '2025-12-12 13:22:40'),
	(1123, 'UNIDAD EDUCATIVA NANEGALITO', '9', '17D01', 'Costa - Galápagos', '17H01857', 'Fiscal', '2025-12-12 13:22:40', '2025-12-12 13:22:40'),
	(1124, 'ESCUELA FISCAL MIXTA ALONSO DE MERCADILLO', '9', '17D03', 'Costa - Galápagos', '17H02072', 'Fiscal', '2025-12-12 13:22:40', '2025-12-12 13:22:40'),
	(1125, 'INSTITUCIÓN EDUCATIVA FISCAL “ANDRÉS BELLO”', '9', '17D03', 'Sierra - Amazonía', '17H00175', 'Fiscal', '2025-12-12 13:22:40', '2025-12-12 13:22:40'),
	(1126, 'UNIDAD EDUCATIVA FISCAL " EQUINOCCIO SAN ANTONIO"', '9', '17D03', 'Sierra - Amazonía', '17H02044', 'Fiscal', '2025-12-12 13:22:40', '2025-12-12 13:22:40'),
	(1127, 'UNIDAD EDUCATIVA FISCAL “ALEXANDER VON HUMBOLDT"', '9', '17D03', 'Sierra - Amazonía', '17H02043', 'Fiscal', '2025-12-12 13:22:40', '2025-12-12 13:22:40'),
	(1128, 'UNIDAD EDUCATIVA FISCAL NONO', '9', '17D03', 'Sierra - Amazonía', '17H01869', 'Fiscal', '2025-12-12 13:22:40', '2025-12-12 13:22:40'),
	(1129, 'UNIDAD EDUCATIVA COMUNITARIA INTERCULTURAL BILINGÜE MUSHUK YACHAY', '9', '17D03', 'Sierra - Amazonía', '17B00005', 'Fiscal', '2025-12-12 13:22:40', '2025-12-12 13:22:40'),
	(1130, 'UNIDAD EDUCATIVA PISULI', '9', '17D03', 'Sierra - Amazonía', '17H00183', 'Fiscal', '2025-12-12 13:22:40', '2025-12-12 13:22:40'),
	(1131, 'CALACALÍ', '9', '17D03', 'Sierra - Amazonía', '17H01521', 'Fiscal', '2025-12-12 13:22:40', '2025-12-12 13:22:40'),
	(1132, 'MARIA ANGELICA IDROBO', '9', '17D03', 'Sierra - Amazonía', '17H00539', 'Fiscal', '2025-12-12 13:22:40', '2025-12-12 13:22:40'),
	(1133, 'UNIDAD EDUCATIVA "MANUEL ABAD"', '9', '17D03', 'Sierra - Amazonía', '17H00210', 'Fiscal', '2025-12-12 13:22:40', '2025-12-12 13:22:40'),
	(1134, 'UNIDAD EDUCATIVA FISCAL 11 DE OCTUBRE', '9', '17D03', 'Sierra - Amazonía', '17H00178', 'Fiscal', '2025-12-12 13:22:40', '2025-12-12 13:22:40'),
	(1135, 'MARIA ANGELICA CARRILLO MATA MARTINEZ', '9', '17D03', 'Sierra - Amazonía', '17H00209', 'Fiscal', '2025-12-12 13:22:40', '2025-12-12 13:22:40'),
	(1136, 'PATRIMONIO DE LA HUMANIDAD', '9', '17D03', 'Sierra - Amazonía', '17H00103', 'Fiscal', '2025-12-12 13:22:40', '2025-12-12 13:22:40'),
	(1137, 'UNIDAD EDUCATIVA TARQUINO IDROBO', '9', '17D03', 'Sierra - Amazonía', '17H00181', 'Fiscal', '2025-12-12 13:22:40', '2025-12-12 13:22:40'),
	(1138, 'ROBERTO ARREGUI MOSCOSO', '9', '17D03', 'Sierra - Amazonía', '17H00135', 'Fiscal', '2025-12-12 13:22:40', '2025-12-12 13:22:40'),
	(1139, 'RÉPUBLICA DE RUMANÍA', '9', '17D03', 'Sierra - Amazonía', '17H00953', 'Fiscal', '2025-12-12 13:22:40', '2025-12-12 13:22:40'),
	(1140, 'LIGDANO CHAVEZ', '9', '17D03', 'Sierra - Amazonía', '17H00971', 'Fiscal', '2025-12-12 13:22:40', '2025-12-12 13:22:40'),
	(1141, 'UNIDAD EDUCATIVA  "DR. MANUEL BENJAMÍN CARRIÓN MORA"', '9', '17D03', 'Sierra - Amazonía', '17H01083', 'Fiscal', '2025-12-12 13:22:40', '2025-12-12 13:22:40'),
	(1142, 'UNIDAD EDUCATIVA FISCAL "ATANASIO VITERI"', '9', '17D03', 'Sierra - Amazonía', '17H00127', 'Fiscal', '2025-12-12 13:22:40', '2025-12-12 13:22:40'),
	(1143, 'FRAY JODOCO RICKE', '9', '17D03', 'Sierra - Amazonía', '17H01403', 'Fiscal', '2025-12-12 13:22:40', '2025-12-12 13:22:40'),
	(1144, 'POMASQUI', '9', '17D03', 'Sierra - Amazonía', '17H01988', 'Fiscal', '2025-12-12 13:22:40', '2025-12-12 13:22:40'),
	(1145, 'UNIDAD EDUCATIVA FISCAL “MITAD DEL MUNDO”', '9', '17D03', 'Sierra - Amazonía', '17H02050', 'Fiscal', '2025-12-12 13:22:40', '2025-12-12 13:22:40'),
	(1146, 'PUELLARO', '9', '17D03', 'Sierra - Amazonía', '17H02012', 'Fiscal', '2025-12-12 13:22:40', '2025-12-12 13:22:40'),
	(1147, 'SAN JOSÉ DE MINAS', '9', '17D03', 'Sierra - Amazonía', '17H02062', 'Fiscal', '2025-12-12 13:22:40', '2025-12-12 13:22:40'),
	(1148, 'PROCER ANTONIO AGUIRRE', '9', '17D03', 'Sierra - Amazonía', '17H01511', 'Fiscal', '2025-12-12 13:22:40', '2025-12-12 13:22:40'),
	(1149, 'JOSE MEJIA DEL VALLE', '9', '17D03', 'Sierra - Amazonía', '17H02005', 'Fiscal', '2025-12-12 13:22:40', '2025-12-12 13:22:40'),
	(1150, 'UNIDAD EDUCATIVA "AVIACIÓN CIVIL"', '9', '17D05', 'Sierra - Amazonía', '17H01337', 'Fiscal', '2025-12-12 13:22:40', '2025-12-12 13:22:40'),
	(1151, 'UNIDAD EDUCATIVA ARUPOS', '9', '17D05', 'Sierra - Amazonía', '17H04413', 'Fiscal', '2025-12-12 13:22:40', '2025-12-12 13:22:40'),
	(1152, 'UNIDAD EDUCATIVA FAE Nº 1', '9', '17D05', 'Sierra - Amazonía', '17H01367', 'Fiscal', '2025-12-12 13:22:40', '2025-12-12 13:22:40'),
	(1153, 'UNIDAD EDUCATIVA FISCAL “ALFONSO LASO BERMEO”', '9', '17D05', 'Sierra - Amazonía', '17H00018', 'Fiscal', '2025-12-12 13:22:40', '2025-12-12 13:22:40'),
	(1154, 'UNIDAD EDUCATIVA "CENTRAL TÉCNICO"', '9', '17D05', 'Sierra - Amazonía', '17H00314', 'Fiscal', '2025-12-12 13:22:40', '2025-12-12 13:22:40'),
	(1155, 'UNIDAD EDUCATIVA JUAN LARREA HOLGUÍN', '9', '17D05', 'Sierra - Amazonía', '17H04490', 'Fiscal', '2025-12-12 13:22:40', '2025-12-12 13:22:40'),
	(1156, 'UNIDAD EDUCATIVA "GRAN BRETAÑA"', '9', '17D05', 'Sierra - Amazonía', '17H00883', 'Fiscal', '2025-12-12 13:22:40', '2025-12-12 13:22:40'),
	(1157, 'UNIDAD EDUCATIVA "SAN FRANCISCO DE QUITO"', '9', '17D05', 'Sierra - Amazonía', '17H01010', 'Fiscal', '2025-12-12 13:22:40', '2025-12-12 13:22:40'),
	(1158, 'UNIDAD EDUCATIVA PCEI FISCAL SALAMANCA', '9', '17D05', 'Sierra - Amazonía', '17H00215', 'Fiscal', '2025-12-12 13:22:40', '2025-12-12 13:22:40'),
	(1159, 'UNIDAD EDUCATIVA FISCAL “VENCEDORES”', '9', '17D05', 'Sierra - Amazonía', '17H01354', 'Fiscal', '2025-12-12 13:22:40', '2025-12-12 13:22:40'),
	(1160, 'CONSERVATORIO NACIONAL DE MÚSICA', '9', '17D05', 'Sierra - Amazonía', '17H03201', 'Fiscal', '2025-12-12 13:22:40', '2025-12-12 13:22:40'),
	(1161, 'UNIDAD EDUCATIVA FISCAL NUMA POMPILIO LLONA', '9', '17D05', 'Sierra - Amazonía', '17H00017', 'Fiscal', '2025-12-12 13:22:40', '2025-12-12 13:22:40'),
	(1162, 'UNIDAD EDUCATIVA FISCAL RAUL ANDRADE', '9', '17D05', 'Sierra - Amazonía', '17H00281', 'Fiscal', '2025-12-12 13:22:40', '2025-12-12 13:22:40'),
	(1163, 'UNIDAD EDUCATIVA FISCAL DR JOSE MARIA VELASCO IBARRA', '9', '17D05', 'Sierra - Amazonía', '17H00581', 'Fiscal', '2025-12-12 13:22:40', '2025-12-12 13:22:40'),
	(1164, 'UNIDAD EDUCATIVA “ROSARIO GONZÁLEZ DE MURILLO”', '9', '17D05', 'Sierra - Amazonía', '17H01350', 'Fiscal', '2025-12-12 13:22:40', '2025-12-12 13:22:40'),
	(1165, 'UNIDAD EDUCATIVA FISCAL “24 DE MAYO”', '9', '17D05', 'Sierra - Amazonía', '17H00316', 'Fiscal', '2025-12-12 13:22:40', '2025-12-12 13:22:40'),
	(1166, 'UNIDAD EDUCATIVA FISCAL "LUCIANO ANDRADE MARÍN"', '9', '17D05', 'Sierra - Amazonía', '17H00121', 'Fiscal', '2025-12-12 13:22:40', '2025-12-12 13:22:40'),
	(1167, 'UNIDAD EDUCATIVA "HIPATIA CÁRDENAS DE BUSTAMANTE"', '9', '17D05', 'Sierra - Amazonía', '17H00133', 'Fiscal', '2025-12-12 13:22:40', '2025-12-12 13:22:40'),
	(1168, 'UNIDAD EDUCATIVA “ELOY ALFARO”', '9', '17D05', 'Sierra - Amazonía', '17H00120', 'Fiscal', '2025-12-12 13:22:40', '2025-12-12 13:22:40'),
	(1169, 'UNIDAD EDUCATIVA "GRAN COLOMBIA"', '9', '17D05', 'Sierra - Amazonía', '17H00016', 'Fiscal', '2025-12-12 13:22:40', '2025-12-12 13:22:40'),
	(1170, 'UNIDAD EDUCATIVA "LUIS NAPOLEÓN DILLON"', '9', '17D05', 'Sierra - Amazonía', '17H00014', 'Fiscal', '2025-12-12 13:22:40', '2025-12-12 13:22:40'),
	(1171, 'UNIDAD EDUCATIVA FISCAL DOMINGO FAUSTINO SARMIENTO', '9', '17D05', 'Sierra - Amazonía', '17H01006', 'Fiscal', '2025-12-12 13:22:40', '2025-12-12 13:22:40'),
	(1172, 'UNIDAD EDUCATIVA FISCAL MAYOR GALO MOLINA', '9', '17D05', 'Sierra - Amazonía', '17H00206', 'Fiscal', '2025-12-12 13:22:40', '2025-12-12 13:22:40'),
	(1173, 'UNIDAD EDUCATIVA FISCAL CAMILO PONCE ENRIQUEZ', '9', '17D05', 'Sierra - Amazonía', '17H00124', 'Fiscal', '2025-12-12 13:22:40', '2025-12-12 13:22:40'),
	(1174, 'UNIDAD EDUCATIVA FISCAL LOS SHYRIS', '9', '17D05', 'Sierra - Amazonía', '17H00302', 'Fiscal', '2025-12-12 13:22:40', '2025-12-12 13:22:40'),
	(1175, 'UNIDAD EDUCATIVA FISCAL PEDRO LUIS CALERO', '9', '17D05', 'Sierra - Amazonía', '17H02147', 'Fiscal', '2025-12-12 13:22:40', '2025-12-12 13:22:40'),
	(1176, 'UNIDAD EDUCATIVA "ONCE DE FEBRERO"', '9', '17D05', 'Sierra - Amazonía', '17H01862', 'Fiscal', '2025-12-12 13:22:40', '2025-12-12 13:22:40'),
	(1177, 'UNIDAD EDUCATIVA ESPECIALIZADA PARA SORDOS MIGUEL MORENO ESPINOSA', '9', '17D05', 'Sierra - Amazonía', '17H01341', 'Fiscal', '2025-12-12 13:22:40', '2025-12-12 13:22:40'),
	(1178, 'UNIDAD EDUCATIVA FISCAL JUAN MONTALVO', '9', '17D05', 'Sierra - Amazonía', '17H02853', 'Fiscal', '2025-12-12 13:22:40', '2025-12-12 13:22:40'),
	(1179, 'UNIDAD EDUCATIVA REPUBLICA DE BOLIVIA', '9', '17D05', 'Sierra - Amazonía', '17H01012', 'Fiscal', '2025-12-12 13:22:40', '2025-12-12 13:22:40'),
	(1180, 'UNIDAD EDUCATIVA FISCAL “CARLOS ZAMBRANO OREJUELA”', '9', '17D05', 'Sierra - Amazonía', '17H00786', 'Fiscal', '2025-12-12 13:22:40', '2025-12-12 13:22:40'),
	(1181, 'CONSERVATORIO “LUIS HUMBERTO SALGADO TORRES"', '9', '17D08', 'Sierra - Amazonía', '17H01489', 'Fiscal', '2025-12-12 13:22:40', '2025-12-12 13:22:40'),
	(1182, 'UNIDAD EDUCATIVA FISCAL GENERAL PÍNTAG', '9', '17D08', 'Sierra - Amazonía', '17H01943', 'Fiscal', '2025-12-12 13:22:40', '2025-12-12 13:22:40'),
	(1183, 'UNIDAD EDUCATIVA FISCOMISIONAL "FE Y ALEGRÍA LA DOLOROSA"', '9', '17D02', 'Sierra - Amazonía', '17H01567', 'Fiscomisional', '2025-12-12 13:22:40', '2025-12-12 13:22:40'),
	(1184, 'CENTRO EDUCATIVO COMUNITARIO INTERCULTURAL BILINGÜE FISCOMISIONAL POR LA PAZ', '9', '17D02', 'Sierra - Amazonía', '17B00101', 'Fiscomisional', '2025-12-12 13:22:40', '2025-12-12 13:22:40'),
	(1185, 'UNIDAD EDUCATIVA FISCOMISIONAL ELENA ENRIQUEZ', '9', '17D02', 'Sierra - Amazonía', '17H01621', 'Fiscomisional', '2025-12-12 13:22:40', '2025-12-12 13:22:40'),
	(1186, 'UNIDAD EDUCATIVA FISCAL RÉPLICA JUAN PÍO MONTÚFAR', '9', '17D02', 'Sierra - Amazonía', '17H01565', 'Fiscal', '2025-12-12 13:22:40', '2025-12-12 13:22:40'),
	(1187, 'UNIDAD EDUCATIVA FISCAL LUXEMBURGO', '9', '17D02', 'Sierra - Amazonía', '17H01551', 'Fiscal', '2025-12-12 13:22:40', '2025-12-12 13:22:40'),
	(1188, 'UNIDAD EDUCATIVA "CLUB ÁRABE ECUATORIANO"', '9', '17D02', 'Sierra - Amazonía', '17H01573', 'Fiscal', '2025-12-12 13:22:40', '2025-12-12 13:22:40'),
	(1189, 'UNIDAD EDUCATIVA LLANO CHICO', '9', '17D02', 'Sierra - Amazonía', '17H01826', 'Fiscal', '2025-12-12 13:22:40', '2025-12-12 13:22:40'),
	(1190, 'UNIDAD EDUCATIVA FISCAL BRETHREN', '9', '17D02', 'Sierra - Amazonía', '17H01611', 'Fiscal', '2025-12-12 13:22:40', '2025-12-12 13:22:40'),
	(1191, 'UNIDAD EDUCATIVA FISCAL PABLO MUÑOZ VEGA', '9', '17D02', 'Sierra - Amazonía', '17H01606', 'Fiscal', '2025-12-12 13:22:40', '2025-12-12 13:22:40'),
	(1192, 'UNIDAD EDUCATIVA FISCAL ING JUAN SUAREZ CHACON', '9', '17D02', 'Sierra - Amazonía', '17H01631', 'Fiscal', '2025-12-12 13:22:40', '2025-12-12 13:22:40'),
	(1193, 'UNIDAD EDUCATIVA FISCAL JACINTO COLLAHUAZO', '9', '17D02', 'Sierra - Amazonía', '17H01830', 'Fiscal', '2025-12-12 13:22:40', '2025-12-12 13:22:40'),
	(1194, 'UNIDAD EDUCATIVA ABDON CALDERÓN', '9', '17D02', 'Sierra - Amazonía', '17H01571', 'Fiscal', '2025-12-12 13:22:40', '2025-12-12 13:22:40'),
	(1195, 'UNIDAD EDUCATIVA NICOLAS JIMENEZ', '9', '17D02', 'Sierra - Amazonía', '17H01550', 'Fiscal', '2025-12-12 13:22:40', '2025-12-12 13:22:40'),
	(1196, 'UNIDAD EDUCATIVA TARQUI', '9', '17D02', 'Sierra - Amazonía', '17H01556', 'Fiscal', '2025-12-12 13:22:40', '2025-12-12 13:22:40'),
	(1197, 'UNIDAD EDUCATIVA FISCAL ALFREDO CISNEROS', '9', '17D02', 'Sierra - Amazonía', '17H01639', 'Fiscal', '2025-12-12 13:22:40', '2025-12-12 13:22:40'),
	(1198, 'UNIDAD EDUCATIVA FISCAL CALDERÓN 2', '9', '17D02', 'Sierra - Amazonía', '17H01566', 'Fiscal', '2025-12-12 13:22:40', '2025-12-12 13:22:40'),
	(1199, 'UNIDAD EDUCATIVA COMUNITARIA INTERCULTURAL BILINGÜE FISCAL KITUKARA', '9', '17D02', 'Sierra - Amazonía', '17B00095', 'Fiscal', '2025-12-12 13:22:40', '2025-12-12 13:22:40'),
	(1200, 'UNIDAD EDUCATIVA FISCAL ESPAÑA', '9', '17D02', 'Sierra - Amazonía', '17H01612', 'Fiscal', '2025-12-12 13:22:40', '2025-12-12 13:22:40'),
	(1201, 'U.E.C.I.B. GUARDIANA DE LA LENGUA Y DE LOS SABERES MUSHUK PAKARI', '9', '17D02', 'Sierra - Amazonía', '17B00098', 'Fiscal', '2025-12-12 13:22:40', '2025-12-12 13:22:40'),
	(1202, 'UNIDAD EDUCATIVA FISCAL ATAHUALPA', '9', '17D02', 'Sierra - Amazonía', '17H01619', 'Fiscal', '2025-12-12 13:22:40', '2025-12-12 13:22:40'),
	(1203, 'INSTITUCIÓN EDUCATIVA FISCAL GUAYLLABAMBA', '9', '17D02', 'Sierra - Amazonía', '17H01805', 'Fiscal', '2025-12-12 13:22:40', '2025-12-12 13:22:40'),
	(1204, 'ESCUELA DE EDUCACIÓN BÁSICA FISCAL LUIS PASTEUR', '9', '17D02', 'Sierra - Amazonía', '17H01813', 'Fiscal', '2025-12-12 13:22:40', '2025-12-12 13:22:40'),
	(1205, 'UNIDAD EDUCATIVA FISCOMISIONAL "JOSÉ MARÍA VÉLAZ, S.J. – IRFEYAL – EXTENSIÓN 42-D- LUZ Y VIDA"', '9', '17D02', 'Sierra - Amazonía', '17H03570', 'Fiscomisional', '2025-12-12 13:22:40', '2025-12-12 13:22:40'),
	(1206, 'UNIDAD EDUCATIVA GUARDIANA DE LOS SABERES "LUZ Y VIDA"', '9', '17D02', 'Sierra - Amazonía', '17H01558', 'Fiscal', '2025-12-12 13:22:40', '2025-12-12 13:22:40'),
	(1207, 'UNIDAD EDUCATIVA FISCAL “RICARDO ÁLVAREZ MANTILLA"', '9', '17D02', 'Sierra - Amazonía', '17H01811', 'Fiscal', '2025-12-12 13:22:40', '2025-12-12 13:22:40'),
	(1208, 'UNIDAD EDUCATIVA "JOSÉ MARÍA VARGAS"', '9', '17D08', 'Sierra - Amazonía', '17H01714', 'Fiscal', '2025-12-12 13:22:40', '2025-12-12 13:22:40'),
	(1209, 'UNIDAD EDUCATIVA FISCOMISIONAL “GLEND SIDE” FE Y ALEGRÍA', '9', '17D08', 'Sierra - Amazonía', '17H01957', 'Fiscomisional', '2025-12-12 13:22:40', '2025-12-12 13:22:40'),
	(1210, 'UNIDAD EDUCATIVA FISCOMISIONAL “SANTA TERESITA DEL VALLE” FE Y ALEGRÍA"', '9', '17D08', 'Sierra - Amazonía', '17H01706', 'Fiscomisional', '2025-12-12 13:22:40', '2025-12-12 13:22:40'),
	(1211, 'UNIDAD EDUCATIVA FISCOMISIONAL “FRATERNIDAD Y SERVICIO” FE Y ALEGRÍA', '9', '17D08', 'Sierra - Amazonía', '17H01926', 'Fiscomisional', '2025-12-12 13:22:40', '2025-12-12 13:22:40'),
	(1212, 'UNIDAD EDUCATIVA FISCOMISIONAL “MERCEDES DE JESÚS MOLINA”', '9', '17D08', 'Sierra - Amazonía', '17H02850', 'Fiscomisional', '2025-12-12 13:22:40', '2025-12-12 13:22:40'),
	(1213, 'UNIDAD EDUCATIVA FISCAL ATAHUALPA', '9', '17D08', 'Sierra - Amazonía', '17H01475', 'Fiscal', '2025-12-12 13:22:40', '2025-12-12 13:22:40'),
	(1214, 'UNIDAD EDUCATIVA “JOSÉ MARÍA VELASCO IBARRA”', '9', '17D08', 'Sierra - Amazonía', '17H01794', 'Fiscal', '2025-12-12 13:22:40', '2025-12-12 13:22:40');

-- Volcando estructura para tabla test_vocacional.preguntas
CREATE TABLE IF NOT EXISTS `preguntas` (
  `id` int NOT NULL AUTO_INCREMENT,
  `categoria` enum('ciencias','tecnologia','humanidades','artes','salud','negocios') COLLATE utf8mb4_unicode_ci NOT NULL,
  `tipo` enum('intereses','habilidades','valores') COLLATE utf8mb4_unicode_ci NOT NULL,
  `pregunta` text COLLATE utf8mb4_unicode_ci NOT NULL,
  `peso` int DEFAULT '1',
  `created_at` timestamp NULL DEFAULT CURRENT_TIMESTAMP,
  `updated_at` timestamp NULL DEFAULT CURRENT_TIMESTAMP ON UPDATE CURRENT_TIMESTAMP,
  PRIMARY KEY (`id`),
  KEY `idx_categoria_tipo` (`categoria`,`tipo`)
) ENGINE=InnoDB AUTO_INCREMENT=55 DEFAULT CHARSET=utf8mb4 COLLATE=utf8mb4_unicode_ci;

-- Volcando datos para la tabla test_vocacional.preguntas: ~7 rows (aproximadamente)
INSERT INTO `preguntas` (`id`, `categoria`, `tipo`, `pregunta`, `peso`, `created_at`, `updated_at`) VALUES
	(3, 'ciencias', 'intereses', 'Me interesa investigar sobre nuevos descubrimientos científicos', 1, '2025-11-23 16:33:57', '2025-12-01 23:48:04'),
	(49, 'tecnologia', 'intereses', 'Me gusta realizar pequeñas reparaciones de equipos electrodomésticos.', 1, '2025-12-11 13:48:23', '2025-12-11 13:48:23'),
	(50, 'ciencias', 'intereses', 'El trabajo científico me parece muy interesante.', 1, '2025-12-11 13:48:23', '2025-12-11 13:48:23'),
	(51, 'artes', 'intereses', 'Sé tocar un instrumento musical o me gustaría aprender.', 1, '2025-12-11 13:48:23', '2025-12-11 13:48:23'),
	(52, 'salud', 'intereses', 'Me gustaría cuidar personas con enfermedades mentales.', 1, '2025-12-11 13:48:23', '2025-12-11 13:48:23'),
	(53, 'negocios', 'habilidades', 'Me siento bien y me las arreglo cuando tengo que organizar el trabajo de mis compañeros y compañeras. Fijarles tareas y comprobar si han sido realizadas.', 1, '2025-12-11 13:48:23', '2025-12-11 13:48:23'),
	(54, 'negocios', 'valores', 'Me gusta llevar mis cuadernos de manera ordenada y limpia.', 1, '2025-12-11 13:48:23', '2025-12-11 13:48:23');

-- Volcando estructura para tabla test_vocacional.respuestas_detalle
CREATE TABLE IF NOT EXISTS `respuestas_detalle` (
  `id` int NOT NULL AUTO_INCREMENT,
  `test_id` int NOT NULL,
  `pregunta_id` int NOT NULL,
  `respuesta` tinyint NOT NULL,
  `created_at` timestamp NULL DEFAULT CURRENT_TIMESTAMP,
  PRIMARY KEY (`id`),
  KEY `pregunta_id` (`pregunta_id`),
  KEY `idx_test_pregunta` (`test_id`,`pregunta_id`),
  CONSTRAINT `respuestas_detalle_ibfk_1` FOREIGN KEY (`test_id`) REFERENCES `resultados_test` (`id`) ON DELETE CASCADE,
  CONSTRAINT `respuestas_detalle_ibfk_2` FOREIGN KEY (`pregunta_id`) REFERENCES `preguntas` (`id`) ON DELETE CASCADE
) ENGINE=InnoDB AUTO_INCREMENT=107 DEFAULT CHARSET=utf8mb4 COLLATE=utf8mb4_unicode_ci;

-- Volcando datos para la tabla test_vocacional.respuestas_detalle: ~12 rows (aproximadamente)
INSERT INTO `respuestas_detalle` (`id`, `test_id`, `pregunta_id`, `respuesta`, `created_at`) VALUES
	(3, 1, 3, 1, '2025-11-23 17:05:36'),
	(52, 2, 3, 0, '2025-11-23 18:06:59'),
	(97, 3, 3, 0, '2025-12-01 23:48:36'),
	(98, 4, 3, 0, '2025-12-03 16:33:21'),
	(99, 5, 3, 1, '2025-12-03 16:42:38'),
	(100, 7, 54, 1, '2025-12-11 13:49:23'),
	(101, 7, 3, 2, '2025-12-11 13:49:23'),
	(102, 7, 50, 1, '2025-12-11 13:49:23'),
	(103, 7, 49, 4, '2025-12-11 13:49:23'),
	(104, 7, 51, 5, '2025-12-11 13:49:23'),
	(105, 7, 52, 3, '2025-12-11 13:49:23'),
	(106, 7, 53, 1, '2025-12-11 13:49:23');

-- Volcando estructura para tabla test_vocacional.resultados_test
CREATE TABLE IF NOT EXISTS `resultados_test` (
  `id` int NOT NULL AUTO_INCREMENT,
  `usuario_id` int NOT NULL,
  `fecha_test` timestamp NULL DEFAULT CURRENT_TIMESTAMP,
  `puntajes_json` text COLLATE utf8mb4_unicode_ci NOT NULL,
  `created_at` timestamp NULL DEFAULT CURRENT_TIMESTAMP,
  PRIMARY KEY (`id`),
  KEY `idx_usuario_fecha` (`usuario_id`,`fecha_test`),
  CONSTRAINT `resultados_test_ibfk_1` FOREIGN KEY (`usuario_id`) REFERENCES `usuarios` (`id`) ON DELETE CASCADE
) ENGINE=InnoDB AUTO_INCREMENT=8 DEFAULT CHARSET=utf8mb4 COLLATE=utf8mb4_unicode_ci;

-- Volcando datos para la tabla test_vocacional.resultados_test: ~7 rows (aproximadamente)
INSERT INTO `resultados_test` (`id`, `usuario_id`, `fecha_test`, `puntajes_json`, `created_at`) VALUES
	(1, 2, '2025-11-23 17:05:36', '{"ciencias":{"puntaje":7,"conteo":8,"promedio":0.875,"porcentaje":87.5,"estado":"APTO"},"tecnologia":{"puntaje":13,"conteo":8,"promedio":1.625,"porcentaje":100,"estado":"APTO"},"humanidades":{"puntaje":8,"conteo":8,"promedio":1,"porcentaje":100,"estado":"APTO"},"artes":{"puntaje":7,"conteo":8,"promedio":0.875,"porcentaje":87.5,"estado":"APTO"},"salud":{"puntaje":10,"conteo":8,"promedio":1.25,"porcentaje":100,"estado":"APTO"},"negocios":{"puntaje":7,"conteo":8,"promedio":0.875,"porcentaje":87.5,"estado":"APTO"}}', '2025-11-23 17:05:36'),
	(2, 2, '2025-11-23 18:06:59', '{"ciencias":{"puntaje":7,"conteo":8,"promedio":0.875,"porcentaje":87.5,"estado":"APTO"},"tecnologia":{"puntaje":5,"conteo":8,"promedio":0.625,"porcentaje":62.5,"estado":"POTENCIAL"},"humanidades":{"puntaje":3,"conteo":8,"promedio":0.375,"porcentaje":37.5,"estado":"POR REFORZAR"},"artes":{"puntaje":5,"conteo":8,"promedio":0.625,"porcentaje":62.5,"estado":"POTENCIAL"},"salud":{"puntaje":11,"conteo":8,"promedio":1.375,"porcentaje":100,"estado":"APTO"},"negocios":{"puntaje":0,"conteo":8,"promedio":0,"porcentaje":0,"estado":"POR REFORZAR"}}', '2025-11-23 18:06:59'),
	(3, 2, '2025-12-01 23:48:36', '{"ciencias":{"puntaje":0,"conteo":1,"promedio":0,"porcentaje":0,"estado":"POR REFORZAR"},"tecnologia":{"puntaje":0,"conteo":0,"promedio":0,"porcentaje":0,"estado":"POR REFORZAR"},"humanidades":{"puntaje":0,"conteo":0,"promedio":0,"porcentaje":0,"estado":"POR REFORZAR"},"artes":{"puntaje":0,"conteo":0,"promedio":0,"porcentaje":0,"estado":"POR REFORZAR"},"salud":{"puntaje":0,"conteo":0,"promedio":0,"porcentaje":0,"estado":"POR REFORZAR"},"negocios":{"puntaje":0,"conteo":0,"promedio":0,"porcentaje":0,"estado":"POR REFORZAR"}}', '2025-12-01 23:48:36'),
	(4, 2, '2025-12-03 16:33:21', '{"ciencias":{"puntaje":0,"conteo":1,"promedio":0,"porcentaje":0,"estado":"POR REFORZAR"},"tecnologia":{"puntaje":0,"conteo":0,"promedio":0,"porcentaje":0,"estado":"POR REFORZAR"},"humanidades":{"puntaje":0,"conteo":0,"promedio":0,"porcentaje":0,"estado":"POR REFORZAR"},"artes":{"puntaje":0,"conteo":0,"promedio":0,"porcentaje":0,"estado":"POR REFORZAR"},"salud":{"puntaje":0,"conteo":0,"promedio":0,"porcentaje":0,"estado":"POR REFORZAR"},"negocios":{"puntaje":0,"conteo":0,"promedio":0,"porcentaje":0,"estado":"POR REFORZAR"}}', '2025-12-03 16:33:21'),
	(5, 2, '2025-12-03 16:42:38', '{"ciencias":{"puntaje":1,"conteo":1,"promedio":1,"porcentaje":100,"estado":"APTO"},"tecnologia":{"puntaje":0,"conteo":0,"promedio":0,"porcentaje":0,"estado":"POR REFORZAR"},"humanidades":{"puntaje":0,"conteo":0,"promedio":0,"porcentaje":0,"estado":"POR REFORZAR"},"artes":{"puntaje":0,"conteo":0,"promedio":0,"porcentaje":0,"estado":"POR REFORZAR"},"salud":{"puntaje":0,"conteo":0,"promedio":0,"porcentaje":0,"estado":"POR REFORZAR"},"negocios":{"puntaje":0,"conteo":0,"promedio":0,"porcentaje":0,"estado":"POR REFORZAR"}}', '2025-12-03 16:42:38'),
	(6, 2, '2025-12-03 16:45:58', '{"ciencias":{"puntaje":4,"conteo":1,"promedio":4,"porcentaje":100,"estado":"APTO"},"tecnologia":{"puntaje":0,"conteo":0,"promedio":0,"porcentaje":0,"estado":"POR REFORZAR"},"humanidades":{"puntaje":0,"conteo":0,"promedio":0,"porcentaje":0,"estado":"POR REFORZAR"},"artes":{"puntaje":0,"conteo":0,"promedio":0,"porcentaje":0,"estado":"POR REFORZAR"},"salud":{"puntaje":0,"conteo":0,"promedio":0,"porcentaje":0,"estado":"POR REFORZAR"},"negocios":{"puntaje":0,"conteo":0,"promedio":0,"porcentaje":0,"estado":"POR REFORZAR"}}', '2025-12-03 16:45:58'),
	(7, 2, '2025-12-11 13:49:23', '{"ciencias":{"puntaje":1,"conteo":2,"promedio":0.5,"porcentaje":12.5,"estado":"POR REFORZAR"},"tecnologia":{"puntaje":3,"conteo":1,"promedio":3,"porcentaje":75,"estado":"POTENCIAL"},"humanidades":{"puntaje":0,"conteo":0,"promedio":0,"porcentaje":0,"estado":"POR REFORZAR"},"artes":{"puntaje":4,"conteo":1,"promedio":4,"porcentaje":100,"estado":"APTO"},"salud":{"puntaje":2,"conteo":1,"promedio":2,"porcentaje":50,"estado":"POR REFORZAR"},"negocios":{"puntaje":0,"conteo":2,"promedio":0,"porcentaje":0,"estado":"POR REFORZAR"}}', '2025-12-11 13:49:23');

-- Volcando estructura para tabla test_vocacional.usuarios
CREATE TABLE IF NOT EXISTS `usuarios` (
  `id` int NOT NULL AUTO_INCREMENT,
  `username` varchar(50) COLLATE utf8mb4_unicode_ci NOT NULL,
  `password` varchar(255) COLLATE utf8mb4_unicode_ci NOT NULL,
  `email` varchar(100) COLLATE utf8mb4_unicode_ci NOT NULL,
  `nombre` varchar(100) COLLATE utf8mb4_unicode_ci NOT NULL,
  `apellido` varchar(100) COLLATE utf8mb4_unicode_ci NOT NULL,
  `curso` varchar(50) COLLATE utf8mb4_unicode_ci DEFAULT NULL,
  `paralelo` varchar(10) COLLATE utf8mb4_unicode_ci DEFAULT NULL,
  `bachillerato` varchar(100) COLLATE utf8mb4_unicode_ci DEFAULT NULL,
  `telefono` varchar(20) COLLATE utf8mb4_unicode_ci DEFAULT NULL,
  `institucion_id` int DEFAULT NULL,
  `zona_id` varchar(50) COLLATE utf8mb4_unicode_ci DEFAULT NULL COMMENT 'Zona asignada para usuarios con rol zonal',
  `rol` enum('administrador','zonal','dece','estudiante') COLLATE utf8mb4_unicode_ci NOT NULL DEFAULT 'estudiante',
  `created_at` timestamp NULL DEFAULT CURRENT_TIMESTAMP,
  `updated_at` timestamp NULL DEFAULT CURRENT_TIMESTAMP ON UPDATE CURRENT_TIMESTAMP,
  PRIMARY KEY (`id`),
  UNIQUE KEY `username` (`username`),
  KEY `idx_usuarios_rol` (`rol`),
  KEY `idx_usuarios_curso` (`curso`),
  KEY `idx_usuarios_paralelo` (`paralelo`),
  KEY `idx_usuarios_zona` (`zona_id`),
  KEY `idx_usuarios_username` (`username`),
  KEY `fk_usuarios_institucion` (`institucion_id`),
  CONSTRAINT `fk_usuarios_institucion` FOREIGN KEY (`institucion_id`) REFERENCES `instituciones_educativas` (`id`) ON DELETE SET NULL
) ENGINE=InnoDB AUTO_INCREMENT=3 DEFAULT CHARSET=utf8mb4 COLLATE=utf8mb4_unicode_ci COMMENT='Tabla de usuarios del sistema con soporte para roles: administrador, zonal, dece, estudiante';

-- Volcando datos para la tabla test_vocacional.usuarios: ~2 rows (aproximadamente)
INSERT INTO `usuarios` (`id`, `username`, `password`, `email`, `nombre`, `apellido`, `curso`, `paralelo`, `bachillerato`, `telefono`, `institucion_id`, `zona_id`, `rol`, `created_at`, `updated_at`) VALUES
	(1, 'admin', '0192023a7bbd73250516f069df18b500', 'admin@colegio.edu', 'Administrador', 'Sistema', NULL, NULL, NULL, NULL, NULL, NULL, 'administrador', '2025-11-23 16:33:57', '2025-11-23 16:33:57'),
	(2, 'Ruben', 'e10adc3949ba59abbe56e057f20f883e', 'rjaramillo@istici.edu.ec', 'Rubén Patricio', 'Jaramillo Caicedo', NULL, NULL, NULL, NULL, NULL, NULL, 'estudiante', '2025-11-23 17:03:08', '2025-11-23 17:03:08');

/*!40103 SET TIME_ZONE=IFNULL(@OLD_TIME_ZONE, 'system') */;
/*!40101 SET SQL_MODE=IFNULL(@OLD_SQL_MODE, '') */;
/*!40014 SET FOREIGN_KEY_CHECKS=IFNULL(@OLD_FOREIGN_KEY_CHECKS, 1) */;
/*!40101 SET CHARACTER_SET_CLIENT=@OLD_CHARACTER_SET_CLIENT */;
/*!40111 SET SQL_NOTES=IFNULL(@OLD_SQL_NOTES, 1) */;
